predicion,recall
0.07278020378457059,1.0
0.0721048798252003,0.99
0.07215743440233237,0.99
0.07221006564551423,0.99
0.07226277372262774,0.99
0.0723155588020453,0.99
0.07236842105263158,0.99
0.07242136064374542,0.99
0.07247437774524158,0.99
0.07252747252747253,0.99
0.07258064516129033,0.99
0.07263389581804842,0.99
0.07268722466960352,0.99
0.07274063188831742,0.99
0.07279411764705883,0.99
0.0728476821192053,0.99
0.07290132547864507,0.99
0.07295504789977893,0.99
0.07227138643067847,0.98
0.07232472324723248,0.98
0.0723781388478582,0.98
0.07243163340724317,0.98
0.07248520710059171,0.98
0.07253886010362694,0.98
0.0725925925925926,0.98
0.072646404744255,0.98
0.07270029673590504,0.98
0.07280832095096583,0.98
0.07286245353159851,0.98
0.07291666666666667,0.98
0.07297096053611318,0.98
0.07302533532041729,0.98
0.07307979120059657,0.98
0.07238805970149254,0.97
0.07244212098581031,0.97
0.07174887892376682,0.96
0.07180254300673149,0.96
0.0718562874251497,0.96
0.07191011235955057,0.96
0.07196401799100449,0.96
0.07126781695423856,0.95
0.07132132132132132,0.95
0.07137490608564989,0.95
0.07142857142857142,0.95
0.07148231753197894,0.95
0.07153614457831325,0.95
0.07159005275056518,0.95
0.07169811320754717,0.95
0.07175226586102719,0.95
0.07180650037792895,0.95
0.0718608169440242,0.95
0.07191521574564724,0.95
0.07196969696969698,0.95
0.07202426080363912,0.95
0.07207890743550835,0.95
0.0721336370539104,0.95
0.07218844984802432,0.95
0.07224334600760456,0.95
0.0715372907153729,0.94
0.0715917745620716,0.94
0.07164634146341463,0.94
0.07170099160945843,0.94
0.0717557251908397,0.94
0.07186544342507645,0.94
0.07192042846212701,0.94
0.07197549770290965,0.94
0.07203065134099616,0.94
0.07208588957055215,0.94
0.07214121258633922,0.94
0.07219662058371736,0.94
0.0722521137586472,0.94
0.07230769230769231,0.94
0.07236335642802155,0.94
0.0724191063174114,0.94
0.07247494217424827,0.94
0.07253086419753087,0.94
0.07258687258687259,0.94
0.07264296754250386,0.94
0.07269914926527456,0.94
0.07275541795665634,0.94
0.07281177381874517,0.94
0.07286821705426356,0.94
0.07292474786656322,0.94
0.07298136645962733,0.94
0.07303807303807304,0.94
0.07309486780715396,0.94
0.07315175097276265,0.94
0.07320872274143302,0.94
0.0724863600935308,0.93
0.07254290171606864,0.93
0.07259953161592506,0.93
0.07265625,0.93
0.0727130570758405,0.93
0.07276995305164319,0.93
0.0713166144200627,0.91
0.07137254901960784,0.91
0.07142857142857142,0.91
0.07148468185388845,0.91
0.07154088050314465,0.91
0.07159716758457907,0.91
0.07165354330708662,0.91
0.07171000788022065,0.91
0.07176656151419558,0.91
0.07187993680884676,0.91
0.07193675889328063,0.91
0.07199367088607594,0.91
0.07205067300079177,0.91
0.07210776545166403,0.91
0.07216494845360824,0.91
0.07222222222222222,0.91
0.07227958697378872,0.91
0.07233704292527822,0.91
0.07239459029435164,0.91
0.07165605095541401,0.9
0.07171314741035857,0.9
0.07177033492822966,0.9
0.07182761372705507,0.9
0.07188498402555911,0.9
0.072,0.9
0.07205764611689351,0.9
0.07211538461538461,0.9
0.07217321571772253,0.9
0.07223113964686999,0.9
0.07228915662650602,0.9
0.07234726688102894,0.9
0.07246376811594203,0.9
0.072522159548751,0.9
0.07258064516129033,0.9
0.07263922518159806,0.9
0.07269789983844911,0.9
0.07275666936135812,0.9
0.07281553398058252,0.9
0.0728744939271255,0.9
0.07293354943273905,0.9
0.072992700729927,0.9
0.07305194805194805,0.9
0.07311129163281885,0.9
0.07317073170731707,0.9
0.07323026851098453,0.9
0.0732899022801303,0.9
0.07334963325183375,0.9
0.0734094616639478,0.9
0.07346938775510205,0.9
0.07352941176470588,0.9
0.07358953393295176,0.9
0.07364975450081833,0.9
0.07371007371007371,0.9
0.07377049180327869,0.9
0.07389162561576355,0.9
0.07395234182415776,0.9
0.07401315789473684,0.9
0.07407407407407407,0.9
0.07413509060955518,0.9
0.0741962077493817,0.9
0.07425742574257425,0.9
0.07431874483897605,0.9
0.0743801652892562,0.9
0.07361455748552523,0.89
0.07367549668874172,0.89
0.07373653686826843,0.89
0.07379767827529021,0.89
0.07385892116182573,0.89
0.0739817123857024,0.89
0.0740432612312812,0.89
0.07410491257285595,0.89
0.07416666666666667,0.89
0.07422852376980818,0.89
0.07429048414023372,0.89
0.07435254803675856,0.89
0.07441471571906355,0.89
0.07447698744769875,0.89
0.0745393634840871,0.89
0.07460184409052809,0.89
0.07466442953020135,0.89
0.07472712006717044,0.89
0.07478991596638655,0.89
0.07485281749369217,0.89
0.07491582491582492,0.89
0.07413647851727043,0.88
0.07419898819561552,0.88
0.07426160337552742,0.88
0.07432432432432433,0.88
0.07438715131022823,0.88
0.07445008460236886,0.88
0.07451312447078746,0.88
0.07457627118644068,0.88
0.07463952502120441,0.88
0.07470288624787776,0.88
0.07476635514018691,0.88
0.07482993197278912,0.88
0.0748936170212766,0.88
0.07495741056218058,0.88
0.07502131287297528,0.88
0.07508532423208192,0.88
0.07514944491887275,0.88
0.07521367521367521,0.88
0.07527801539777587,0.88
0.07534246575342465,0.88
0.07540702656383891,0.88
0.07547169811320754,0.88
0.07553648068669527,0.88
0.07560137457044673,0.88
0.07566638005159071,0.88
0.0757314974182444,0.88
0.07493540051679587,0.87
0.07413793103448275,0.86
0.07420189818809318,0.86
0.07426597582037997,0.86
0.07433016421780467,0.86
0.07439446366782007,0.86
0.07445887445887446,0.86
0.07452339688041594,0.86
0.0745880312228968,0.86
0.07465277777777778,0.86
0.07471763683753258,0.86
0.07478260869565218,0.86
0.07484769364664925,0.86
0.07491289198606271,0.86
0.07497820401046207,0.86
0.07504363001745201,0.86
0.07510917030567686,0.86
0.07517482517482517,0.86
0.0752405949256343,0.86
0.07530647985989491,0.86
0.07537248028045573,0.86
0.07543859649122807,0.86
0.07550482879719052,0.86
0.07557117750439367,0.86
0.07563764291996482,0.86
0.07570422535211267,0.86
0.07577092511013216,0.86
0.07583774250440917,0.86
0.07590467784642542,0.86
0.07597173144876325,0.86
0.07603890362511052,0.86
0.07610619469026549,0.86
0.07617360496014172,0.86
0.07624113475177305,0.86
0.07630878438331855,0.86
0.0763765541740675,0.86
0.07644444444444444,0.86
0.07651245551601424,0.86
0.07658058771148708,0.86
0.0766488413547237,0.86
0.0767172167707404,0.86
0.07678571428571429,0.86
0.07685433422698838,0.86
0.07692307692307693,0.86
0.07699194270367055,0.86
0.07706093189964158,0.86
0.07713004484304933,0.86
0.07719928186714542,0.86
0.07726864330637916,0.86
0.07733812949640288,0.86
0.07747747747747748,0.86
0.0775473399458972,0.86
0.0776173285198556,0.86
0.07768744354110207,0.86
0.07775768535262206,0.86
0.07782805429864253,0.86
0.07789855072463768,0.86
0.07796917497733455,0.86
0.0780399274047187,0.86
0.07811080835603997,0.86
0.07818181818181819,0.86
0.07825295723384895,0.86
0.07832422586520947,0.86
0.07839562443026436,0.86
0.07846715328467153,0.86
0.07853881278538813,0.86
0.07769652650822668,0.85
0.0777676120768527,0.85
0.07783882783882784,0.85
0.07791017415215398,0.85
0.0779816513761468,0.85
0.0780532598714417,0.85
0.078125,0.85
0.078196872125115,0.85
0.07826887661141804,0.85
0.07834101382488479,0.85
0.07841328413284133,0.85
0.07848568790397045,0.85
0.07855822550831792,0.85
0.0786308973172988,0.85
0.07877664504170528,0.85
0.07884972170686456,0.85
0.07892293407613742,0.85
0.07899628252788105,0.85
0.07906976744186046,0.85
0.07914338919925512,0.85
0.07921714818266543,0.85
0.07929104477611941,0.85
0.07936507936507936,0.85
0.0794392523364486,0.85
0.07951356407857811,0.85
0.07958801498127341,0.85
0.07973733583489681,0.85
0.07981220657276995,0.85
0.07988721804511278,0.85
0.0799623706491063,0.85
0.0800376647834275,0.85
0.08011310084825636,0.85
0.08018867924528301,0.85
0.08026440037771483,0.85
0.08034026465028356,0.85
0.0804162724692526,0.85
0.08049242424242424,0.85
0.08056872037914692,0.85
0.08064516129032258,0.85
0.08072174738841406,0.85
0.08079847908745247,0.85
0.08087535680304472,0.85
0.08095238095238096,0.85
0.08102955195424213,0.85
0.08110687022900763,0.85
0.08022922636103152,0.84
0.0784688995215311,0.82
0.07758620689655173,0.81
0.07766059443911794,0.81
0.07773512476007678,0.81
0.07684918347742556,0.8
0.07692307692307693,0.8
0.07699711260827719,0.8
0.07707129094412331,0.8
0.07714561234329798,0.8
0.07722007722007722,0.8
0.07729468599033816,0.8
0.07736943907156674,0.8
0.07744433688286544,0.8
0.07751937984496124,0.8
0.07759456838021339,0.8
0.07766990291262135,0.8
0.07774538386783285,0.8
0.07782101167315175,0.8
0.07789678675754626,0.8
0.07797270955165692,0.8
0.07804878048780488,0.8
0.07820136852394917,0.8
0.07729941291585127,0.79
0.07639569049951028,0.78
0.07647058823529412,0.78
0.07654563297350343,0.78
0.07669616519174041,0.78
0.07684729064039408,0.78
0.07692307692307693,0.78
0.0769990128331688,0.78
0.07707509881422925,0.78
0.0771513353115727,0.78
0.07722772277227723,0.78
0.07730426164519326,0.78
0.07738095238095238,0.78
0.07745779543197617,0.78
0.0775347912524851,0.78
0.07761194029850746,0.78
0.07768924302788845,0.78
0.07776669990029911,0.78
0.07784431137724551,0.78
0.07792207792207792,0.78
0.078,0.78
0.07807807807807808,0.78
0.0781563126252505,0.78
0.07823470411233702,0.78
0.0783132530120482,0.78
0.07839195979899498,0.78
0.07847082494969819,0.78
0.07854984894259819,0.78
0.07862903225806452,0.78
0.07870837537840565,0.78
0.07878787878787878,0.78
0.0788675429726997,0.78
0.07894736842105263,0.78
0.0790273556231003,0.78
0.07910750507099391,0.78
0.07918781725888324,0.78
0.07934893184130214,0.78
0.07942973523421588,0.78
0.07951070336391437,0.78
0.07959183673469387,0.78
0.07967313585291114,0.78
0.07975460122699386,0.78
0.07983623336745138,0.78
0.07991803278688525,0.78
0.08,0.78
0.08008213552361396,0.78
0.08016443987667009,0.78
0.08024691358024691,0.78
0.08032955715756952,0.78
0.08041237113402062,0.78
0.0804953560371517,0.78
0.08057851239669421,0.78
0.08066184074457083,0.78
0.08074534161490683,0.78
0.08082901554404145,0.78
0.08091286307053942,0.78
0.08099688473520249,0.78
0.08108108108108109,0.78
0.08116545265348596,0.78
0.08125,0.78
0.08133472367049009,0.78
0.081419624217119,0.78
0.08150470219435736,0.78
0.08054393305439331,0.77
0.0806282722513089,0.77
0.08071278825995808,0.77
0.080797481636936,0.77
0.08088235294117647,0.77
0.08096740273396424,0.77
0.08105263157894736,0.77
0.08113804004214963,0.77
0.08122362869198312,0.77
0.08130939809926083,0.77
0.08139534883720931,0.77
0.08148148148148149,0.77
0.0816542948038176,0.77
0.08174097664543524,0.77
0.0818278427205101,0.77
0.08191489361702127,0.77
0.08200212992545261,0.77
0.08208955223880597,0.77
0.08217716115261472,0.77
0.08226495726495726,0.77
0.08235294117647059,0.77
0.08244111349036402,0.77
0.08252947481243302,0.77
0.08261802575107297,0.77
0.08270676691729323,0.77
0.08172043010752689,0.76
0.08180839612486544,0.76
0.08189655172413793,0.76
0.08198489751887811,0.76
0.08207343412526998,0.76
0.08216216216216216,0.76
0.08225108225108226,0.76
0.08234019501625135,0.76
0.08134490238611713,0.75
0.08143322475570032,0.75
0.08152173913043478,0.75
0.08161044613710555,0.75
0.08178844056706652,0.75
0.08187772925764192,0.75
0.08196721311475409,0.75
0.08205689277899343,0.75
0.08223684210526316,0.75
0.08232711306256861,0.75
0.08241758241758242,0.75
0.08250825082508251,0.75
0.08259911894273128,0.75
0.08269018743109151,0.75
0.08278145695364239,0.75
0.08287292817679558,0.75
0.08296460176991151,0.75
0.08305647840531562,0.75
0.08314855875831485,0.75
0.08324084350721421,0.75
0.08333333333333333,0.75
0.08342602892102335,0.75
0.08351893095768374,0.75
0.08361204013377926,0.75
0.08370535714285714,0.75
0.08379888268156424,0.75
0.083986562150056,0.75
0.08408071748878924,0.75
0.08417508417508418,0.75
0.08426966292134831,0.75
0.0843644544431946,0.75
0.08445945945945946,0.75
0.08455467869222097,0.75
0.08465011286681716,0.75
0.0847457627118644,0.75
0.08484162895927602,0.75
0.08493771234428087,0.75
0.08503401360544217,0.75
0.0851305334846765,0.75
0.08522727272727272,0.75
0.08532423208191127,0.75
0.08551881413911061,0.75
0.08561643835616438,0.75
0.08571428571428572,0.75
0.0859106529209622,0.75
0.0860091743119266,0.75
0.08610792192881746,0.75
0.08620689655172414,0.75
0.08630609896432681,0.75
0.08640552995391705,0.75
0.08650519031141868,0.75
0.08660508083140878,0.75
0.08670520231213873,0.75
0.08680555555555555,0.75
0.08690614136732329,0.75
0.08700696055684455,0.75
0.08710801393728224,0.75
0.0872093023255814,0.75
0.08731082654249127,0.75
0.08741258741258741,0.75
0.08634772462077013,0.74
0.08644859813084112,0.74
0.08654970760233918,0.74
0.08665105386416862,0.74
0.08675263774912075,0.74
0.08685446009389672,0.74
0.08695652173913043,0.74
0.08716136631330977,0.74
0.08726415094339622,0.74
0.08736717827626919,0.74
0.08747044917257683,0.74
0.08757396449704143,0.74
0.08767772511848342,0.74
0.08778173190984578,0.74
0.08788598574821853,0.74
0.08799048751486326,0.74
0.0880952380952381,0.74
0.08820023837902265,0.74
0.0883054892601432,0.74
0.08721624850657109,0.73
0.08732057416267942,0.73
0.08742514970059881,0.73
0.08752997601918465,0.73
0.08774038461538461,0.73
0.08784596871239471,0.73
0.08795180722891566,0.73
0.08685162846803378,0.72
0.08695652173913043,0.72
0.08706166868198308,0.72
0.08595641646489104,0.71
0.08606060606060606,0.71
0.08616504854368932,0.71
0.08626974483596597,0.71
0.0851581508515815,0.7
0.08536585365853659,0.7
0.08547008547008547,0.7
0.08567931456548347,0.7
0.08588957055214724,0.7
0.085995085995086,0.7
0.08610086100861009,0.7
0.08620689655172414,0.7
0.08631319358816276,0.7
0.0865265760197775,0.7
0.0853960396039604,0.69
0.08550185873605948,0.69
0.08560794044665013,0.69
0.08571428571428572,0.69
0.08582089552238806,0.69
0.0859277708592777,0.69
0.08603491271820449,0.69
0.08614232209737828,0.69
0.085,0.68
0.08385481852315395,0.67
0.08395989974937343,0.67
0.08406524466750313,0.67
0.08417085427135679,0.67
0.0830188679245283,0.66
0.08312342569269521,0.66
0.0832282471626734,0.66
0.08333333333333333,0.66
0.08343868520859671,0.66
0.08354430379746836,0.66
0.08238276299112801,0.65
0.08248730964467005,0.65
0.08259212198221093,0.65
0.08269720101781171,0.65
0.08290816326530612,0.65
0.08301404853128991,0.65
0.08184143222506395,0.64
0.08194622279129321,0.64
0.08205128205128205,0.64
0.0821566110397946,0.64
0.08226221079691516,0.64
0.08236808236808237,0.64
0.08247422680412371,0.64
0.08258064516129032,0.64
0.082687338501292,0.64
0.08279430789133248,0.64
0.08290155440414508,0.64
0.08300907911802853,0.64
0.08311688311688312,0.64
0.08333333333333333,0.64
0.08344198174706649,0.64
0.0835509138381201,0.64
0.08366013071895424,0.64
0.08376963350785341,0.64
0.08387942332896461,0.64
0.08398950131233596,0.64
0.08409986859395532,0.64
0.08421052631578947,0.64
0.08432147562582346,0.64
0.08443271767810026,0.64
0.0845442536327609,0.64
0.08465608465608465,0.64
0.0847682119205298,0.64
0.08488063660477453,0.64
0.0849933598937583,0.64
0.0851063829787234,0.64
0.085219707057257,0.64
0.08533333333333333,0.64
0.08544726301735647,0.64
0.0855614973262032,0.64
0.0856760374832664,0.64
0.08579088471849866,0.64
0.08590604026845637,0.64
0.08602150537634409,0.64
0.08613728129205922,0.64
0.0862533692722372,0.64
0.08636977058029689,0.64
0.08648648648648649,0.64
0.08660351826792964,0.64
0.08672086720867209,0.64
0.08683853459972862,0.64
0.08695652173913043,0.64
0.08707482993197278,0.64
0.08719346049046321,0.64
0.08731241473396999,0.64
0.08743169398907104,0.64
0.08755129958960328,0.64
0.08767123287671233,0.64
0.0877914951989026,0.64
0.08791208791208792,0.64
0.08803301237964237,0.64
0.0881542699724518,0.64
0.08827586206896551,0.64
0.08839779005524862,0.64
0.08852005532503458,0.64
0.0886426592797784,0.64
0.08876560332871013,0.64
0.08888888888888889,0.64
0.0890125173852573,0.64
0.08774373259052924,0.63
0.08786610878661087,0.63
0.08798882681564246,0.63
0.08811188811188811,0.63
0.08823529411764706,0.63
0.08835904628330996,0.63
0.08848314606741572,0.63
0.08860759493670886,0.63
0.08873239436619719,0.63
0.08885754583921016,0.63
0.08898305084745763,0.63
0.0891089108910891,0.63
0.08923512747875353,0.63
0.08936170212765958,0.63
0.08948863636363637,0.63
0.08961593172119488,0.63
0.08974358974358974,0.63
0.0898716119828816,0.63
0.09,0.63
0.09012875536480687,0.63
0.09025787965616046,0.63
0.09038737446197992,0.63
0.09051724137931035,0.63
0.09064748201438849,0.63
0.09077809798270893,0.63
0.08946608946608947,0.62
0.08959537572254335,0.62
0.08972503617945007,0.62
0.08985507246376812,0.62
0.0899854862119013,0.62
0.09011627906976744,0.62
0.08879184861717612,0.61
0.08892128279883382,0.61
0.08905109489051095,0.61
0.0891812865497076,0.61
0.08931185944363104,0.61
0.08797653958944282,0.6
0.08663729809104258,0.59
0.08676470588235294,0.59
0.08689248895434462,0.59
0.0855457227138643,0.58
0.08567208271787297,0.58
0.08579881656804733,0.58
0.08592592592592592,0.58
0.08605341246290801,0.58
0.0861812778603269,0.58
0.08630952380952381,0.58
0.08643815201192251,0.58
0.08656716417910448,0.58
0.08669656203288491,0.58
0.08682634730538923,0.58
0.08708708708708708,0.58
0.08721804511278196,0.58
0.08734939759036145,0.58
0.08748114630467571,0.58
0.08761329305135952,0.58
0.08774583963691376,0.58
0.08787878787878788,0.58
0.08801213960546282,0.58
0.08814589665653495,0.58
0.0882800608828006,0.58
0.08841463414634146,0.58
0.08854961832061069,0.58
0.08868501529051988,0.58
0.0888208269525268,0.58
0.08895705521472393,0.58
0.0890937019969278,0.58
0.08923076923076922,0.58
0.08936825885978428,0.58
0.08950617283950617,0.58
0.08964451313755796,0.58
0.08978328173374613,0.58
0.08992248062015504,0.58
0.09006211180124224,0.58
0.09020217729393468,0.58
0.09034267912772585,0.58
0.0904836193447738,0.58
0.090625,0.58
0.09076682316118936,0.58
0.09090909090909091,0.58
0.09105180533751962,0.58
0.09133858267716535,0.58
0.0914826498422713,0.58
0.09004739336492891,0.57
0.09018987341772151,0.57
0.09033280507131537,0.57
0.09047619047619047,0.57
0.09062003179650238,0.57
0.09076433121019108,0.57
0.09090909090909091,0.57
0.09105431309904154,0.57
0.0912,0.57
0.09134615384615384,0.57
0.09149277688603531,0.57
0.09178743961352658,0.57
0.09193548387096774,0.57
0.09208400646203554,0.57
0.09223300970873786,0.57
0.09238249594813615,0.57
0.09253246753246754,0.57
0.09268292682926829,0.57
0.09283387622149837,0.57
0.0929853181076672,0.57
0.09313725490196079,0.57
0.09328968903436989,0.57
0.09344262295081968,0.57
0.09359605911330049,0.57
0.09375,0.57
0.09390444810543658,0.57
0.09405940594059406,0.57
0.09421487603305785,0.57
0.09437086092715231,0.57
0.0945273631840796,0.57
0.09302325581395349,0.56
0.09317803660565724,0.56
0.09333333333333334,0.56
0.09348914858096828,0.56
0.09364548494983277,0.56
0.09380234505862646,0.56
0.09395973154362416,0.56
0.09411764705882353,0.56
0.09427609427609428,0.56
0.09443507588532883,0.56
0.0945945945945946,0.56
0.09475465313028765,0.56
0.09491525423728814,0.56
0.09507640067911714,0.56
0.09523809523809523,0.56
0.09369676320272573,0.55
0.09385665529010238,0.55
0.09401709401709402,0.55
0.09417808219178082,0.55
0.09433962264150944,0.55
0.09450171821305842,0.55
0.09482758620689655,0.55
0.09499136442141623,0.55
0.09515570934256055,0.55
0.09532062391681109,0.55
0.0954861111111111,0.55
0.09565217391304348,0.55
0.09581881533101046,0.55
0.09598603839441536,0.55
0.09615384615384616,0.55
0.09632224168126094,0.55
0.09649122807017543,0.55
0.09683098591549295,0.55
0.09700176366843033,0.55
0.09717314487632508,0.55
0.09734513274336283,0.55
0.0975177304964539,0.55
0.09769094138543517,0.55
0.09786476868327403,0.55
0.09803921568627451,0.55
0.09821428571428571,0.55
0.09838998211091235,0.55
0.0967741935483871,0.54
0.09694793536804308,0.54
0.09712230215827339,0.54
0.0972972972972973,0.54
0.09747292418772563,0.54
0.09764918625678119,0.54
0.09782608695652174,0.54
0.09800362976406533,0.54
0.09818181818181818,0.54
0.09836065573770492,0.54
0.09854014598540146,0.54
0.09872029250457039,0.54
0.0989010989010989,0.54
0.09908256880733946,0.54
0.09926470588235294,0.54
0.09944751381215469,0.54
0.0996309963099631,0.54
0.09981515711645102,0.54
0.1,0.54
0.10018552875695733,0.54
0.10037174721189591,0.54
0.1005586592178771,0.54
0.10074626865671642,0.54
0.10093457943925234,0.54
0.10112359550561797,0.54
0.10150375939849623,0.54
0.1016949152542373,0.54
0.1018867924528302,0.54
0.10207939508506617,0.54
0.10227272727272728,0.54
0.10246679316888045,0.54
0.10266159695817491,0.54
0.10285714285714286,0.54
0.10305343511450382,0.54
0.10325047801147227,0.54
0.10344827586206896,0.54
0.1036468330134357,0.54
0.10384615384615385,0.54
0.10404624277456648,0.54
0.10424710424710425,0.54
0.10444874274661509,0.54
0.10465116279069768,0.54
0.10485436893203884,0.54
0.10311284046692606,0.53
0.10331384015594541,0.53
0.103515625,0.53
0.10371819960861056,0.53
0.10392156862745099,0.53
0.10412573673870335,0.53
0.10433070866141732,0.53
0.10453648915187377,0.53
0.10495049504950495,0.53
0.10515873015873016,0.53
0.10536779324055666,0.53
0.10557768924302789,0.53
0.10578842315369262,0.53
0.106,0.53
0.1062124248496994,0.53
0.10642570281124498,0.53
0.10663983903420524,0.53
0.10685483870967742,0.53
0.10728744939271255,0.53
0.1075050709939148,0.53
0.10772357723577236,0.53
0.1079429735234216,0.53
0.10816326530612246,0.53
0.1083844580777096,0.53
0.10860655737704918,0.53
0.10882956878850103,0.53
0.10905349794238683,0.53
0.10927835051546392,0.53
0.10950413223140495,0.53
0.10973084886128365,0.53
0.10995850622406639,0.53
0.1101871101871102,0.53
0.11041666666666666,0.53
0.11064718162839249,0.53
0.1108786610878661,0.53
0.1111111111111111,0.53
0.11134453781512606,0.53
0.10947368421052632,0.52
0.10759493670886076,0.51
0.10782241014799154,0.51
0.10805084745762712,0.51
0.10828025477707007,0.51
0.10638297872340426,0.5
0.10683760683760683,0.5
0.10706638115631692,0.5
0.1072961373390558,0.5
0.10752688172043011,0.5
0.10775862068965517,0.5
0.1079913606911447,0.5
0.10822510822510822,0.5
0.10845986984815618,0.5
0.10869565217391304,0.5
0.10893246187363835,0.5
0.1091703056768559,0.5
0.10940919037199125,0.5
0.10964912280701754,0.5
0.10989010989010989,0.5
0.11013215859030837,0.5
0.11037527593818984,0.5
0.11061946902654868,0.5
0.11086474501108648,0.5
0.1111111111111111,0.5
0.111358574610245,0.5
0.109375,0.49
0.10961968680089486,0.49
0.10986547085201794,0.49
0.1101123595505618,0.49
0.11036036036036036,0.49
0.11060948081264109,0.49
0.11085972850678733,0.49
0.10884353741496598,0.48
0.10909090909090909,0.48
0.10933940774487472,0.48
0.1095890410958904,0.48
0.10983981693363844,0.48
0.11009174311926606,0.48
0.1103448275862069,0.48
0.11059907834101383,0.48
0.11085450346420324,0.48
0.1111111111111111,0.48
0.11136890951276102,0.48
0.11162790697674418,0.48
0.11214953271028037,0.48
0.11241217798594848,0.48
0.11267605633802817,0.48
0.11294117647058824,0.48
0.11320754716981132,0.48
0.11347517730496454,0.48
0.11374407582938388,0.48
0.11401425178147269,0.48
0.11428571428571428,0.48
0.11455847255369929,0.48
0.11483253588516747,0.48
0.11510791366906475,0.48
0.11538461538461539,0.48
0.11566265060240964,0.48
0.11594202898550725,0.48
0.1162227602905569,0.48
0.11650485436893204,0.48
0.11678832116788321,0.48
0.11707317073170732,0.48
0.11735941320293398,0.48
0.11764705882352941,0.48
0.11793611793611794,0.48
0.11822660098522167,0.48
0.11851851851851852,0.48
0.1188118811881188,0.48
0.11910669975186104,0.48
0.11940298507462686,0.48
0.11970074812967581,0.48
0.12,0.48
0.12030075187969924,0.48
0.12060301507537688,0.48
0.12090680100755667,0.48
0.12121212121212122,0.48
0.12151898734177215,0.48
0.1218274111675127,0.48
0.12213740458015267,0.48
0.12244897959183673,0.48
0.12276214833759591,0.48
0.12307692307692308,0.48
0.12339331619537275,0.48
0.12371134020618557,0.48
0.12403100775193798,0.48
0.12435233160621761,0.48
0.12467532467532468,0.48
0.125,0.48
0.12532637075718014,0.48
0.12598425196850394,0.48
0.12631578947368421,0.48
0.12401055408970976,0.47
0.12433862433862433,0.47
0.1246684350132626,0.47
0.125,0.47
0.12533333333333332,0.47
0.12299465240641712,0.46
0.12332439678284182,0.46
0.12096774193548387,0.45
0.12129380053908356,0.45
0.12162162162162163,0.45
0.12195121951219512,0.45
0.12228260869565218,0.45
0.11989100817438691,0.44
0.12021857923497267,0.44
0.12054794520547946,0.44
0.12087912087912088,0.44
0.12121212121212122,0.44
0.12154696132596685,0.44
0.11911357340720222,0.43
0.11944444444444445,0.43
0.11977715877437325,0.43
0.12011173184357542,0.43
0.12044817927170869,0.43
0.12078651685393259,0.43
0.12112676056338029,0.43
0.12146892655367232,0.43
0.12181303116147309,0.43
0.12215909090909091,0.43
0.1225071225071225,0.43
0.12285714285714286,0.43
0.12320916905444126,0.43
0.1235632183908046,0.43
0.1239193083573487,0.43
0.12138728323699421,0.42
0.12173913043478261,0.42
0.12209302325581395,0.42
0.12244897959183673,0.42
0.12280701754385964,0.42
0.12316715542521994,0.42
0.12352941176470589,0.42
0.12389380530973451,0.42
0.12130177514792899,0.41
0.12166172106824925,0.41
0.11904761904761904,0.4
0.11940298507462686,0.4
0.11676646706586827,0.39
0.11711711711711711,0.39
0.11746987951807229,0.39
0.11782477341389729,0.39
0.11818181818181818,0.39
0.11854103343465046,0.39
0.11890243902439024,0.39
0.11926605504587157,0.39
0.1196319018404908,0.39
0.12,0.39
0.11728395061728394,0.38
0.11455108359133127,0.37
0.11490683229813664,0.37
0.11526479750778816,0.37
0.115625,0.37
0.11598746081504702,0.37
0.11635220125786164,0.37
0.1167192429022082,0.37
0.11708860759493671,0.37
0.11746031746031746,0.37
0.1178343949044586,0.37
0.11501597444089456,0.36
0.11538461538461539,0.36
0.1157556270096463,0.36
0.11612903225806452,0.36
0.11650485436893204,0.36
0.11688311688311688,0.36
0.11726384364820847,0.36
0.11764705882352941,0.36
0.1180327868852459,0.36
0.11842105263157894,0.36
0.1188118811881188,0.36
0.11920529801324503,0.36
0.11960132890365449,0.36
0.12,0.36
0.12040133779264214,0.36
0.12080536912751678,0.36
0.12121212121212122,0.36
0.12162162162162163,0.36
0.11864406779661017,0.35
0.11904761904761904,0.35
0.11945392491467577,0.35
0.11986301369863013,0.35
0.12027491408934708,0.35
0.1206896551724138,0.35
0.12110726643598616,0.35
0.12152777777777778,0.35
0.12195121951219512,0.35
0.11888111888111888,0.34
0.11929824561403508,0.34
0.11971830985915492,0.34
0.1166077738515901,0.33
0.11347517730496454,0.32
0.11387900355871886,0.32
0.11428571428571428,0.32
0.11469534050179211,0.32
0.11151079136690648,0.31
0.11191335740072202,0.31
0.11231884057971014,0.31
0.11272727272727273,0.31
0.11313868613138686,0.31
0.11355311355311355,0.31
0.11397058823529412,0.31
0.11439114391143912,0.31
0.11481481481481481,0.31
0.11524163568773234,0.31
0.11567164179104478,0.31
0.11610486891385768,0.31
0.11654135338345864,0.31
0.1169811320754717,0.31
0.11742424242424243,0.31
0.11787072243346007,0.31
0.1183206106870229,0.31
0.11877394636015326,0.31
0.11923076923076924,0.31
0.11969111969111969,0.31
0.12015503875968993,0.31
0.12062256809338522,0.31
0.12109375,0.31
0.12156862745098039,0.31
0.1220472440944882,0.31
0.11857707509881422,0.3
0.11904761904761904,0.3
0.11553784860557768,0.29
0.116,0.29
0.11646586345381527,0.29
0.11693548387096774,0.29
0.11740890688259109,0.29
0.11788617886178862,0.29
0.11836734693877551,0.29
0.11885245901639344,0.29
0.11934156378600823,0.29
0.11983471074380166,0.29
0.12033195020746888,0.29
0.12083333333333333,0.29
0.12133891213389121,0.29
0.12184873949579832,0.29
0.12236286919831224,0.29
0.1228813559322034,0.29
0.12340425531914893,0.29
0.12393162393162394,0.29
0.12017167381974249,0.28
0.1206896551724138,0.28
0.11688311688311688,0.27
0.11739130434782609,0.27
0.11790393013100436,0.27
0.11842105263157894,0.27
0.11894273127753303,0.27
0.11946902654867257,0.27
0.11555555555555555,0.26
0.11607142857142858,0.26
0.11659192825112108,0.26
0.11711711711711711,0.26
0.11764705882352941,0.26
0.11818181818181818,0.26
0.1141552511415525,0.25
0.11467889908256881,0.25
0.1152073732718894,0.25
0.1111111111111111,0.24
0.11162790697674418,0.24
0.11214953271028037,0.24
0.11267605633802817,0.24
0.11320754716981132,0.24
0.11374407582938388,0.24
0.11428571428571428,0.24
0.11483253588516747,0.24
0.11538461538461539,0.24
0.11594202898550725,0.24
0.11650485436893204,0.24
0.11707317073170732,0.24
0.11764705882352941,0.24
0.11822660098522167,0.24
0.1188118811881188,0.24
0.11940298507462686,0.24
0.12,0.24
0.12060301507537688,0.24
0.12121212121212122,0.24
0.116751269035533,0.23
0.11224489795918367,0.22
0.11282051282051282,0.22
0.1134020618556701,0.22
0.11398963730569948,0.22
0.11458333333333333,0.22
0.11518324607329843,0.22
0.11578947368421053,0.22
0.1164021164021164,0.22
0.11702127659574468,0.22
0.11764705882352941,0.22
0.11827956989247312,0.22
0.11891891891891893,0.22
0.11956521739130435,0.22
0.12021857923497267,0.22
0.12087912087912088,0.22
0.12154696132596685,0.22
0.12222222222222222,0.22
0.12290502793296089,0.22
0.12359550561797752,0.22
0.12429378531073447,0.22
0.125,0.22
0.12571428571428572,0.22
0.12643678160919541,0.22
0.12716763005780346,0.22
0.12790697674418605,0.22
0.1286549707602339,0.22
0.1301775147928994,0.22
0.13095238095238096,0.22
0.13253012048192772,0.22
0.13333333333333333,0.22
0.13414634146341464,0.22
0.13496932515337423,0.22
0.13580246913580246,0.22
0.13664596273291926,0.22
0.1375,0.22
0.13924050632911392,0.22
0.14012738853503184,0.22
0.14102564102564102,0.22
0.14193548387096774,0.22
0.14285714285714285,0.22
0.1437908496732026,0.22
0.14473684210526316,0.22
0.1456953642384106,0.22
0.14666666666666667,0.22
0.1476510067114094,0.22
0.14864864864864866,0.22
0.14965986394557823,0.22
0.1506849315068493,0.22
0.15172413793103448,0.22
0.1527777777777778,0.22
0.15384615384615385,0.22
0.15492957746478872,0.22
0.14893617021276595,0.21
0.14285714285714285,0.2
0.1366906474820144,0.19
0.13043478260869565,0.18
0.13138686131386862,0.18
0.1323529411764706,0.18
0.1259259259259259,0.17
0.12686567164179105,0.17
0.12781954887218044,0.17
0.12878787878787878,0.17
0.1297709923664122,0.17
0.13076923076923078,0.17
0.13178294573643412,0.17
0.1328125,0.17
0.13385826771653545,0.17
0.1349206349206349,0.17
0.136,0.17
0.13709677419354838,0.17
0.13821138211382114,0.17
0.13934426229508196,0.17
0.14049586776859505,0.17
0.14166666666666666,0.17
0.14285714285714285,0.17
0.1440677966101695,0.17
0.1452991452991453,0.17
0.14655172413793102,0.17
0.14912280701754385,0.17
0.1415929203539823,0.16
0.13392857142857142,0.15
0.13513513513513514,0.15
0.13636363636363635,0.15
0.13761467889908258,0.15
0.1388888888888889,0.15
0.1308411214953271,0.14
0.1320754716981132,0.14
0.13333333333333333,0.14
0.1346153846153846,0.14
0.13592233009708737,0.14
0.13725490196078433,0.14
0.13861386138613863,0.14
0.13,0.13
0.13131313131313133,0.13
0.1326530612244898,0.13
0.13402061855670103,0.13
0.125,0.12
0.11578947368421053,0.11
0.11702127659574468,0.11
0.11827956989247312,0.11
0.11956521739130435,0.11
0.12087912087912088,0.11
0.12222222222222222,0.11
0.12359550561797752,0.11
0.11363636363636363,0.1
0.11494252873563218,0.1
0.11627906976744186,0.1
0.10588235294117647,0.09
0.10714285714285714,0.09
0.0963855421686747,0.08
0.08536585365853659,0.07
0.07407407407407407,0.06
0.075,0.06
0.0759493670886076,0.06
0.07692307692307693,0.06
0.07792207792207792,0.06
0.07894736842105263,0.06
0.08,0.06
0.08108108108108109,0.06
0.0821917808219178,0.06
0.08333333333333333,0.06
0.08450704225352113,0.06
0.08571428571428572,0.06
0.08695652173913043,0.06
0.08823529411764706,0.06
0.08955223880597014,0.06
0.09090909090909091,0.06
0.09230769230769231,0.06
0.09375,0.06
0.09523809523809523,0.06
0.0967741935483871,0.06
0.09836065573770492,0.06
0.1,0.06
0.1016949152542373,0.06
0.10344827586206896,0.06
0.10526315789473684,0.06
0.10714285714285714,0.06
0.10909090909090909,0.06
0.1111111111111111,0.06
0.11320754716981132,0.06
0.11538461538461539,0.06
0.09803921568627451,0.05
0.1,0.05
0.10204081632653061,0.05
0.10416666666666667,0.05
0.0851063829787234,0.04
0.06521739130434782,0.03
0.044444444444444446,0.02
0.022727272727272728,0.01
0.023255813953488372,0.01
0.023809523809523808,0.01
0.024390243902439025,0.01
0.025,0.01
0.02564102564102564,0.01
0.02631578947368421,0.01
0.02702702702702703,0.01
0.027777777777777776,0.01
0.02857142857142857,0.01
0.029411764705882353,0.01
0.030303030303030304,0.01
0.03125,0.01
0.0,0.0
0.0,0.0
0.0,0.0
0.0,0.0
0.0,0.0
0.0,0.0
0.0,0.0
0.0,0.0
0.0,0.0
0.0,0.0
0.0,0.0
0.0,0.0
0.0,0.0
0.0,0.0
0.0,0.0
0.0,0.0
0.0,0.0
0.0,0.0
0.0,0.0
0.0,0.0
0.0,0.0
0.0,0.0
0.0,0.0
0.0,0.0
0.0,0.0
0.0,0.0
0.0,0.0
0.0,0.0
0.0,0.0
0.0,0.0
1.0,0.0
