machine_id,kpi_id,label,pred_label
0,0,1,1
0,1,1,1
0,2,1,1
0,3,1,1
0,4,1,1
0,5,1,2
0,6,1,2
0,7,1,2
0,8,1,2
0,9,1,2
0,10,1,2
0,11,1,2
0,12,1,2
0,13,1,2
0,14,1,2
0,15,1,1
0,16,1,2
0,17,2,2
1,0,1,1
1,1,1,1
1,2,1,1
1,3,1,1
1,4,1,1
1,5,1,2
1,6,1,2
1,7,1,2
1,8,1,2
1,9,1,2
1,10,1,2
1,11,1,2
1,12,1,2
1,13,1,2
1,14,1,2
1,15,1,2
1,16,1,2
1,17,1,2
2,0,1,1
2,1,1,1
2,2,1,1
2,3,1,1
2,4,1,1
2,5,1,2
2,6,1,2
2,7,1,2
2,8,1,2
2,9,1,2
2,10,1,2
2,11,1,2
2,12,1,2
2,13,1,2
2,14,1,2
2,15,1,2
2,16,1,2
2,17,1,2
3,0,1,1
3,1,1,1
3,2,1,1
3,3,1,1
3,4,1,1
3,5,1,2
3,6,1,2
3,7,1,2
3,8,1,2
3,9,1,2
3,10,1,2
3,11,1,2
3,12,1,2
3,13,1,2
3,14,1,2
3,15,1,2
3,16,1,2
3,17,1,2
4,0,1,1
4,1,1,1
4,2,1,1
4,3,1,1
4,4,1,1
4,5,1,2
4,6,1,2
4,7,1,2
4,8,1,2
4,9,1,2
4,10,1,2
4,11,1,2
4,12,1,2
4,13,1,2
4,14,1,2
4,15,1,2
4,16,1,2
4,17,1,2
5,0,1,1
5,1,1,1
5,2,1,1
5,3,1,1
5,4,1,1
5,5,0,2
5,6,0,2
5,7,0,2
5,8,0,2
5,9,0,2
5,10,1,2
5,11,1,2
5,12,1,2
5,13,1,2
5,14,1,2
5,15,0,2
5,16,0,2
5,17,1,2
6,0,1,1
6,1,1,1
6,2,1,1
6,3,1,1
6,4,1,1
6,5,0,2
6,6,0,2
6,7,0,2
6,8,0,2
6,9,0,2
6,10,1,2
6,11,1,2
6,12,1,2
6,13,1,2
6,14,1,2
6,15,0,2
6,16,0,2
6,17,1,2
7,0,1,1
7,1,1,1
7,2,1,1
7,3,1,1
7,4,1,1
7,5,1,2
7,6,2,1
7,7,1,2
7,8,1,2
7,9,1,2
7,10,1,2
7,11,1,2
7,12,1,2
7,13,1,2
7,14,1,2
7,15,1,2
7,16,1,2
7,17,1,2
8,0,1,1
8,1,1,1
8,2,1,1
8,3,1,1
8,4,1,1
8,5,0,2
8,6,0,2
8,7,0,2
8,8,0,2
8,9,0,2
8,10,1,2
8,11,1,2
8,12,1,2
8,13,1,2
8,14,1,2
8,15,0,2
8,16,0,2
8,17,1,2
9,0,1,1
9,1,1,1
9,2,1,1
9,3,1,1
9,4,1,1
9,5,1,2
9,6,1,2
9,7,1,2
9,8,1,2
9,9,1,2
9,10,1,2
9,11,1,2
9,12,1,2
9,13,1,2
9,14,1,2
9,15,1,2
9,16,1,2
9,17,1,2
10,0,1,1
10,1,1,1
10,2,1,1
10,3,1,1
10,4,1,1
10,5,1,2
10,6,1,2
10,7,1,2
10,8,1,2
10,9,1,2
10,10,1,2
10,11,1,2
10,12,1,2
10,13,1,2
10,14,1,2
10,15,1,2
10,16,1,2
10,17,1,2
11,0,1,1
11,1,1,1
11,2,1,1
11,3,1,2
11,4,1,1
11,5,1,2
11,6,1,1
11,7,1,1
11,8,1,2
11,9,1,2
11,10,1,2
11,11,1,2
11,12,1,2
11,13,1,2
11,14,1,2
11,15,1,2
11,16,1,2
11,17,1,2
12,0,1,1
12,1,1,1
12,2,1,1
12,3,1,1
12,4,1,1
12,5,1,2
12,6,1,2
12,7,0,2
12,8,1,2
12,9,1,2
12,10,1,2
12,11,1,2
12,12,1,2
12,13,1,2
12,14,1,2
12,15,1,2
12,16,1,2
12,17,1,2
13,0,1,1
13,1,1,1
13,2,1,1
13,3,1,1
13,4,1,1
13,5,1,2
13,6,1,2
13,7,1,2
13,8,1,2
13,9,1,2
13,10,1,2
13,11,1,2
13,12,1,2
13,13,1,2
13,14,1,2
13,15,1,2
13,16,1,2
13,17,1,2
14,0,1,1
14,1,1,1
14,2,1,1
14,3,1,1
14,4,1,1
14,5,0,2
14,6,0,2
14,7,0,2
14,8,0,2
14,9,0,2
14,10,1,2
14,11,1,2
14,12,1,2
14,13,1,2
14,14,1,2
14,15,0,2
14,16,0,2
14,17,1,2
15,0,1,1
15,1,1,1
15,2,1,1
15,3,1,1
15,4,1,1
15,5,0,2
15,6,0,2
15,7,0,2
15,8,1,2
15,9,0,2
15,10,1,2
15,11,1,2
15,12,1,2
15,13,1,2
15,14,1,2
15,15,0,2
15,16,0,2
15,17,1,2
16,0,1,1
16,1,1,1
16,2,1,1
16,3,1,1
16,4,1,1
16,5,0,2
16,6,0,2
16,7,0,2
16,8,1,2
16,9,0,2
16,10,1,2
16,11,1,2
16,12,1,2
16,13,1,2
16,14,1,2
16,15,0,2
16,16,0,2
16,17,1,2
17,0,1,1
17,1,1,1
17,2,1,1
17,3,1,1
17,4,1,1
17,5,0,2
17,6,0,2
17,7,0,2
17,8,0,2
17,9,0,2
17,10,1,2
17,11,1,2
17,12,1,2
17,13,1,2
17,14,1,2
17,15,0,2
17,16,0,2
17,17,1,2
18,0,1,1
18,1,1,1
18,2,1,1
18,3,1,1
18,4,1,1
18,5,2,2
18,6,1,2
18,7,2,2
18,8,2,2
18,9,1,2
18,10,1,2
18,11,1,2
18,12,1,2
18,13,1,2
18,14,1,2
18,15,1,2
18,16,1,2
18,17,1,2
19,0,1,1
19,1,1,1
19,2,1,1
19,3,1,1
19,4,1,1
19,5,2,2
19,6,1,2
19,7,2,2
19,8,2,2
19,9,2,2
19,10,2,2
19,11,2,2
19,12,2,2
19,13,2,2
19,14,2,2
19,15,2,2
19,16,2,2
19,17,2,2
20,0,1,1
20,1,1,1
20,2,1,1
20,3,1,1
20,4,1,1
20,5,1,2
20,6,1,2
20,7,1,2
20,8,1,2
20,9,1,2
20,10,1,2
20,11,1,2
20,12,1,2
20,13,1,2
20,14,1,2
20,15,1,2
20,16,1,2
20,17,1,2
21,0,1,1
21,1,1,1
21,2,1,1
21,3,1,1
21,4,1,1
21,5,1,2
21,6,1,2
21,7,1,2
21,8,1,2
21,9,1,2
21,10,1,2
21,11,1,2
21,12,1,2
21,13,1,2
21,14,1,2
21,15,1,2
21,16,1,2
21,17,1,2
22,0,1,1
22,1,1,1
22,2,1,1
22,3,1,1
22,4,1,1
22,5,1,2
22,6,1,2
22,7,1,2
22,8,1,2
22,9,1,2
22,10,1,2
22,11,1,2
22,12,1,2
22,13,1,2
22,14,1,2
22,15,1,2
22,16,1,2
22,17,1,2
23,0,1,1
23,1,1,1
23,2,1,1
23,3,1,1
23,4,1,1
23,5,1,2
23,6,1,2
23,7,1,2
23,8,1,2
23,9,1,2
23,10,1,2
23,11,1,2
23,12,1,2
23,13,1,2
23,14,1,2
23,15,1,2
23,16,1,2
23,17,1,2
24,0,1,1
24,1,1,1
24,2,1,1
24,3,1,1
24,4,1,1
24,5,1,2
24,6,1,2
24,7,1,2
24,8,1,2
24,9,1,2
24,10,1,2
24,11,1,2
24,12,1,2
24,13,1,2
24,14,1,2
24,15,1,2
24,16,1,2
24,17,1,2
25,0,1,1
25,1,1,1
25,2,1,1
25,3,1,1
25,4,1,1
25,5,1,2
25,6,2,2
25,7,1,2
25,8,1,2
25,9,1,2
25,10,1,2
25,11,1,2
25,12,1,2
25,13,1,2
25,14,1,2
25,15,1,2
25,16,1,2
25,17,1,2
26,0,1,1
26,1,1,1
26,2,1,1
26,3,1,1
26,4,1,1
26,5,0,2
26,6,0,2
26,7,0,2
26,8,0,2
26,9,0,2
26,10,1,2
26,11,1,2
26,12,1,2
26,13,1,2
26,14,1,2
26,15,0,2
26,16,0,2
26,17,1,2
27,0,1,1
27,1,1,1
27,2,1,1
27,3,1,1
27,4,1,1
27,5,1,2
27,6,1,2
27,7,1,2
27,8,1,2
27,9,1,2
27,10,1,2
27,11,1,2
27,12,1,2
27,13,1,2
27,14,1,2
27,15,1,2
27,16,1,2
27,17,1,2
28,0,1,1
28,1,1,1
28,2,1,1
28,3,1,1
28,4,1,1
28,5,0,2
28,6,0,2
28,7,0,2
28,8,0,2
28,9,0,2
28,10,1,2
28,11,1,2
28,12,1,2
28,13,1,2
28,14,1,2
28,15,0,2
28,16,0,2
28,17,1,2
29,0,1,1
29,1,1,1
29,2,1,1
29,3,1,1
29,4,1,1
29,5,2,2
29,6,1,2
29,7,2,2
29,8,1,2
29,9,1,2
29,10,1,2
29,11,1,2
29,12,1,2
29,13,1,2
29,14,1,2
29,15,1,2
29,16,1,2
29,17,1,2
30,0,1,1
30,1,1,1
30,2,1,1
30,3,1,1
30,4,1,1
30,5,1,2
30,6,1,2
30,7,1,2
30,8,1,2
30,9,1,2
30,10,1,2
30,11,1,2
30,12,1,2
30,13,1,2
30,14,1,2
30,15,1,2
30,16,1,2
30,17,1,2
31,0,1,1
31,1,1,1
31,2,1,1
31,3,1,1
31,4,1,1
31,5,1,2
31,6,1,2
31,7,1,2
31,8,1,2
31,9,1,2
31,10,1,2
31,11,1,2
31,12,1,2
31,13,1,2
31,14,1,2
31,15,1,2
31,16,1,2
31,17,1,2
32,0,1,1
32,1,1,1
32,2,1,1
32,3,1,1
32,4,1,1
32,5,0,2
32,6,0,2
32,7,0,2
32,8,0,2
32,9,0,2
32,10,1,2
32,11,1,2
32,12,1,2
32,13,1,2
32,14,1,2
32,15,0,2
32,16,0,2
32,17,1,2
33,0,1,1
33,1,1,1
33,2,1,1
33,3,1,1
33,4,1,1
33,5,1,2
33,6,1,1
33,7,1,2
33,8,1,2
33,9,1,2
33,10,1,2
33,11,1,2
33,12,1,2
33,13,1,2
33,14,1,2
33,15,1,2
33,16,1,2
33,17,1,2
34,0,1,1
34,1,1,1
34,2,1,1
34,3,1,1
34,4,1,1
34,5,1,2
34,6,1,2
34,7,1,2
34,8,1,2
34,9,1,2
34,10,1,2
34,11,1,2
34,12,1,2
34,13,1,2
34,14,1,2
34,15,1,2
34,16,1,2
34,17,1,2
35,0,1,1
35,1,1,1
35,2,1,1
35,3,1,1
35,4,1,1
35,5,1,2
35,6,0,2
35,7,0,2
35,8,1,2
35,9,1,2
35,10,1,2
35,11,1,2
35,12,1,2
35,13,1,2
35,14,1,2
35,15,1,2
35,16,1,2
35,17,1,2
36,0,1,1
36,1,1,1
36,2,1,1
36,3,1,1
36,4,1,1
36,5,1,2
36,6,1,2
36,7,1,2
36,8,1,2
36,9,1,2
36,10,1,2
36,11,1,2
36,12,1,2
36,13,1,2
36,14,1,2
36,15,1,2
36,16,1,2
36,17,1,2
37,0,1,1
37,1,1,1
37,2,1,1
37,3,1,1
37,4,1,1
37,5,1,2
37,6,1,2
37,7,1,2
37,8,1,2
37,9,1,2
37,10,1,2
37,11,1,2
37,12,1,2
37,13,1,2
37,14,1,2
37,15,1,2
37,16,1,2
37,17,1,2
38,0,1,1
38,1,1,1
38,2,1,1
38,3,1,1
38,4,1,1
38,5,1,2
38,6,1,1
38,7,1,2
38,8,1,2
38,9,1,2
38,10,1,2
38,11,1,2
38,12,1,2
38,13,1,2
38,14,1,2
38,15,1,2
38,16,1,2
38,17,1,2
39,0,1,1
39,1,1,1
39,2,1,1
39,3,1,1
39,4,1,1
39,5,1,2
39,6,1,2
39,7,1,2
39,8,1,2
39,9,1,2
39,10,1,2
39,11,1,2
39,12,1,2
39,13,1,2
39,14,1,2
39,15,1,2
39,16,1,2
39,17,1,2
40,0,1,1
40,1,1,1
40,2,1,1
40,3,1,1
40,4,1,1
40,5,1,2
40,6,1,1
40,7,1,2
40,8,1,2
40,9,1,2
40,10,1,2
40,11,1,2
40,12,1,2
40,13,1,2
40,14,1,2
40,15,1,2
40,16,1,2
40,17,1,2
41,0,1,1
41,1,1,1
41,2,1,1
41,3,1,1
41,4,1,1
41,5,1,2
41,6,1,2
41,7,1,2
41,8,1,2
41,9,1,2
41,10,1,2
41,11,1,2
41,12,1,2
41,13,1,2
41,14,1,2
41,15,1,2
41,16,1,2
41,17,1,2
42,0,1,1
42,1,1,1
42,2,1,1
42,3,1,1
42,4,1,1
42,5,1,2
42,6,1,2
42,7,1,2
42,8,1,2
42,9,1,2
42,10,1,2
42,11,1,2
42,12,1,2
42,13,1,2
42,14,1,2
42,15,1,2
42,16,1,2
42,17,1,2
43,0,1,1
43,1,1,1
43,2,1,1
43,3,1,1
43,4,1,1
43,5,1,2
43,6,1,2
43,7,1,2
43,8,1,2
43,9,1,2
43,10,1,2
43,11,1,2
43,12,1,2
43,13,1,2
43,14,1,2
43,15,1,2
43,16,1,2
43,17,1,2
44,0,1,1
44,1,1,1
44,2,1,1
44,3,1,1
44,4,1,1
44,5,1,2
44,6,1,2
44,7,1,2
44,8,1,2
44,9,1,2
44,10,1,2
44,11,1,2
44,12,1,2
44,13,1,2
44,14,1,2
44,15,1,2
44,16,1,2
44,17,1,2
45,0,1,1
45,1,1,1
45,2,1,1
45,3,1,1
45,4,1,1
45,5,1,2
45,6,1,2
45,7,1,2
45,8,1,2
45,9,1,2
45,10,1,2
45,11,1,2
45,12,1,2
45,13,1,2
45,14,1,2
45,15,1,2
45,16,1,2
45,17,1,2
46,0,1,1
46,1,1,1
46,2,1,1
46,3,1,1
46,4,1,1
46,5,1,2
46,6,1,2
46,7,1,2
46,8,1,2
46,9,1,2
46,10,1,2
46,11,1,2
46,12,1,2
46,13,1,2
46,14,1,2
46,15,1,2
46,16,1,2
46,17,1,2
47,0,1,1
47,1,1,1
47,2,1,1
47,3,1,1
47,4,1,1
47,5,1,2
47,6,1,2
47,7,1,2
47,8,1,2
47,9,1,2
47,10,1,2
47,11,1,2
47,12,1,2
47,13,1,2
47,14,1,2
47,15,1,1
47,16,1,2
47,17,2,2
48,0,1,1
48,1,1,1
48,2,1,1
48,3,1,1
48,4,1,1
48,5,1,2
48,6,1,2
48,7,1,2
48,8,1,2
48,9,1,2
48,10,1,2
48,11,1,2
48,12,1,2
48,13,1,2
48,14,1,2
48,15,1,2
48,16,1,2
48,17,1,2
49,0,1,1
49,1,1,1
49,2,1,1
49,3,1,1
49,4,1,1
49,5,1,2
49,6,1,2
49,7,1,2
49,8,1,2
49,9,1,2
49,10,1,2
49,11,1,2
49,12,1,2
49,13,1,2
49,14,1,2
49,15,1,2
49,16,1,2
49,17,1,2
50,0,1,1
50,1,1,1
50,2,1,1
50,3,1,1
50,4,1,1
50,5,1,2
50,6,1,2
50,7,1,2
50,8,1,2
50,9,1,2
50,10,1,2
50,11,1,2
50,12,1,2
50,13,1,2
50,14,1,2
50,15,1,2
50,16,1,2
50,17,1,2
51,0,1,1
51,1,1,1
51,2,1,1
51,3,1,1
51,4,1,1
51,5,1,2
51,6,1,2
51,7,1,2
51,8,1,2
51,9,1,2
51,10,1,2
51,11,1,2
51,12,1,2
51,13,1,2
51,14,1,2
51,15,1,2
51,16,1,2
51,17,1,2
52,0,1,1
52,1,1,1
52,2,1,1
52,3,1,1
52,4,1,1
52,5,1,2
52,6,1,1
52,7,1,2
52,8,1,2
52,9,1,2
52,10,1,2
52,11,1,2
52,12,1,2
52,13,1,2
52,14,1,2
52,15,1,2
52,16,1,2
52,17,1,2
53,0,1,1
53,1,1,1
53,2,1,1
53,3,1,1
53,4,1,1
53,5,1,2
53,6,1,2
53,7,1,2
53,8,1,2
53,9,1,2
53,10,1,2
53,11,1,2
53,12,1,2
53,13,1,2
53,14,1,2
53,15,1,2
53,16,1,2
53,17,1,2
54,0,1,1
54,1,1,1
54,2,1,1
54,3,1,1
54,4,1,1
54,5,1,2
54,6,1,2
54,7,1,2
54,8,1,2
54,9,1,2
54,10,1,2
54,11,1,2
54,12,1,2
54,13,1,2
54,14,1,2
54,15,1,2
54,16,1,2
54,17,1,2
55,0,1,1
55,1,1,1
55,2,1,1
55,3,1,1
55,4,1,1
55,5,1,2
55,6,1,2
55,7,1,2
55,8,1,2
55,9,1,2
55,10,1,2
55,11,1,2
55,12,1,2
55,13,1,2
55,14,1,2
55,15,1,2
55,16,1,2
55,17,1,2
56,0,1,1
56,1,1,1
56,2,1,1
56,3,1,1
56,4,1,1
56,5,1,2
56,6,1,1
56,7,1,2
56,8,1,2
56,9,1,2
56,10,1,2
56,11,1,2
56,12,1,2
56,13,1,2
56,14,1,2
56,15,1,2
56,16,1,2
56,17,1,2
57,0,1,1
57,1,1,1
57,2,1,1
57,3,1,1
57,4,1,1
57,5,0,2
57,6,2,2
57,7,0,2
57,8,0,2
57,9,0,2
57,10,0,2
57,11,0,2
57,12,0,2
57,13,0,2
57,14,0,2
57,15,0,2
57,16,0,2
57,17,0,2
58,0,1,1
58,1,1,1
58,2,1,1
58,3,1,1
58,4,1,1
58,5,1,2
58,6,2,2
58,7,1,2
58,8,1,2
58,9,1,2
58,10,1,2
58,11,1,2
58,12,1,2
58,13,1,2
58,14,1,2
58,15,1,2
58,16,1,2
58,17,1,2
59,0,1,1
59,1,1,1
59,2,1,1
59,3,1,1
59,4,1,1
59,5,0,2
59,6,0,2
59,7,0,2
59,8,0,2
59,9,0,2
59,10,1,2
59,11,1,2
59,12,1,2
59,13,1,2
59,14,1,2
59,15,0,2
59,16,0,2
59,17,1,2
60,0,1,1
60,1,1,1
60,2,1,1
60,3,1,1
60,4,1,1
60,5,0,2
60,6,0,2
60,7,0,2
60,8,0,2
60,9,0,2
60,10,0,2
60,11,0,2
60,12,0,2
60,13,0,2
60,14,0,2
60,15,0,2
60,16,0,2
60,17,0,2
61,0,1,1
61,1,1,1
61,2,1,1
61,3,1,1
61,4,1,1
61,5,1,2
61,6,1,2
61,7,2,2
61,8,1,2
61,9,1,2
61,10,1,2
61,11,1,2
61,12,1,2
61,13,1,2
61,14,1,2
61,15,1,2
61,16,1,2
61,17,1,2
62,0,1,1
62,1,1,1
62,2,1,1
62,3,1,1
62,4,1,1
62,5,1,2
62,6,1,2
62,7,2,2
62,8,1,2
62,9,1,2
62,10,1,2
62,11,1,2
62,12,1,2
62,13,1,2
62,14,1,2
62,15,1,2
62,16,1,2
62,17,1,2
63,0,1,1
63,1,1,1
63,2,1,1
63,3,1,1
63,4,1,1
63,5,1,2
63,6,1,1
63,7,1,2
63,8,1,2
63,9,1,2
63,10,1,2
63,11,1,2
63,12,1,2
63,13,1,2
63,14,1,2
63,15,1,2
63,16,1,2
63,17,1,2
64,0,1,1
64,1,1,1
64,2,1,1
64,3,1,1
64,4,1,1
64,5,2,2
64,6,2,2
64,7,2,2
64,8,2,2
64,9,2,2
64,10,2,2
64,11,2,2
64,12,2,2
64,13,2,2
64,14,2,2
64,15,2,2
64,16,2,2
64,17,2,2
65,0,1,1
65,1,1,1
65,2,1,1
65,3,1,1
65,4,1,1
65,5,2,2
65,6,2,2
65,7,0,2
65,8,0,2
65,9,0,2
65,10,0,2
65,11,0,2
65,12,0,2
65,13,0,2
65,14,0,2
65,15,0,2
65,16,0,2
65,17,0,2
66,0,1,1
66,1,1,1
66,2,1,1
66,3,1,1
66,4,1,1
66,5,2,2
66,6,2,2
66,7,2,2
66,8,0,2
66,9,0,2
66,10,0,2
66,11,0,2
66,12,0,2
66,13,0,2
66,14,0,2
66,15,0,2
66,16,0,2
66,17,0,2
67,0,1,1
67,1,1,1
67,2,1,1
67,3,1,1
67,4,1,1
67,5,1,2
67,6,1,2
67,7,1,2
67,8,1,2
67,9,1,2
67,10,1,2
67,11,1,2
67,12,1,2
67,13,1,2
67,14,1,2
67,15,1,2
67,16,1,2
67,17,2,2
68,0,1,1
68,1,1,1
68,2,1,1
68,3,1,1
68,4,1,1
68,5,2,2
68,6,2,2
68,7,2,2
68,8,2,2
68,9,2,2
68,10,2,2
68,11,2,2
68,12,2,2
68,13,2,2
68,14,2,2
68,15,2,2
68,16,2,2
68,17,2,2
69,0,1,1
69,1,1,1
69,2,1,1
69,3,1,1
69,4,1,1
69,5,2,2
69,6,2,1
69,7,2,2
69,8,0,2
69,9,2,2
69,10,2,2
69,11,2,2
69,12,2,2
69,13,0,2
69,14,0,2
69,15,2,2
69,16,2,2
69,17,2,2
70,0,1,1
70,1,1,1
70,2,1,1
70,3,1,1
70,4,1,1
70,5,1,2
70,6,1,2
70,7,1,2
70,8,1,2
70,9,1,2
70,10,1,2
70,11,1,2
70,12,1,2
70,13,1,2
70,14,1,2
70,15,1,2
70,16,1,2
70,17,1,2
71,0,1,1
71,1,1,1
71,2,1,1
71,3,1,1
71,4,1,1
71,5,2,2
71,6,2,1
71,7,2,2
71,8,2,2
71,9,2,2
71,10,2,2
71,11,2,2
71,12,2,2
71,13,2,2
71,14,2,2
71,15,2,2
71,16,2,2
71,17,2,2
72,0,1,1
72,1,1,1
72,2,1,1
72,3,1,1
72,4,1,1
72,5,1,2
72,6,1,1
72,7,1,2
72,8,1,2
72,9,1,2
72,10,1,2
72,11,1,2
72,12,1,2
72,13,1,2
72,14,1,2
72,15,1,2
72,16,1,2
72,17,1,2
73,0,1,1
73,1,1,1
73,2,1,1
73,3,1,1
73,4,1,1
73,5,0,2
73,6,2,1
73,7,0,2
73,8,0,2
73,9,0,2
73,10,0,2
73,11,0,2
73,12,0,2
73,13,0,2
73,14,0,2
73,15,0,2
73,16,0,2
73,17,0,2
74,0,1,1
74,1,1,1
74,2,1,1
74,3,1,1
74,4,1,1
74,5,1,2
74,6,1,2
74,7,1,2
74,8,1,2
74,9,1,2
74,10,1,2
74,11,1,2
74,12,1,2
74,13,1,2
74,14,1,2
74,15,1,1
74,16,1,2
74,17,0,1
75,0,1,1
75,1,1,1
75,2,1,1
75,3,1,1
75,4,1,1
75,5,1,2
75,6,2,1
75,7,1,2
75,8,1,2
75,9,1,2
75,10,1,2
75,11,1,2
75,12,1,2
75,13,1,2
75,14,1,2
75,15,1,2
75,16,1,2
75,17,1,2
76,0,1,1
76,1,1,1
76,2,1,1
76,3,1,1
76,4,1,1
76,5,1,2
76,6,1,2
76,7,1,2
76,8,1,2
76,9,1,2
76,10,1,2
76,11,1,2
76,12,1,2
76,13,1,2
76,14,1,2
76,15,1,2
76,16,1,2
76,17,1,2
77,0,1,2
77,1,1,1
77,2,1,1
77,3,1,1
77,4,1,1
77,5,1,2
77,6,2,1
77,7,1,2
77,8,1,2
77,9,1,2
77,10,1,2
77,11,1,2
77,12,1,2
77,13,1,2
77,14,1,2
77,15,1,2
77,16,1,2
77,17,1,2
78,0,1,1
78,1,1,1
78,2,1,1
78,3,1,1
78,4,1,1
78,5,1,2
78,6,2,2
78,7,1,2
78,8,1,2
78,9,1,2
78,10,1,2
78,11,1,2
78,12,1,2
78,13,1,2
78,14,1,2
78,15,1,2
78,16,1,2
78,17,1,2
79,0,1,1
79,1,1,1
79,2,1,1
79,3,1,2
79,4,1,2
79,5,2,2
79,6,2,2
79,7,2,2
79,8,2,2
79,9,2,1
79,10,2,2
79,11,2,2
79,12,2,1
79,13,2,1
79,14,2,2
79,15,2,2
79,16,2,2
79,17,2,2
80,0,1,1
80,1,1,1
80,2,1,1
80,3,1,1
80,4,1,1
80,5,1,2
80,6,2,1
80,7,1,2
80,8,1,2
80,9,1,2
80,10,1,2
80,11,1,2
80,12,1,2
80,13,1,2
80,14,1,2
80,15,1,2
80,16,1,2
80,17,1,2
81,0,1,1
81,1,1,1
81,2,1,1
81,3,1,1
81,4,1,1
81,5,1,2
81,6,2,1
81,7,1,2
81,8,1,2
81,9,1,2
81,10,1,2
81,11,1,2
81,12,1,2
81,13,1,2
81,14,1,2
81,15,1,2
81,16,1,2
81,17,1,2
82,0,1,1
82,1,1,1
82,2,1,1
82,3,1,1
82,4,1,1
82,5,1,2
82,6,2,2
82,7,2,2
82,8,2,2
82,9,1,2
82,10,1,2
82,11,1,2
82,12,1,2
82,13,1,2
82,14,1,2
82,15,1,2
82,16,1,2
82,17,1,2
83,0,1,1
83,1,1,1
83,2,1,1
83,3,1,1
83,4,1,1
83,5,1,2
83,6,1,2
83,7,1,2
83,8,1,2
83,9,1,2
83,10,1,2
83,11,1,2
83,12,1,2
83,13,1,2
83,14,1,2
83,15,1,2
83,16,1,2
83,17,1,2
84,0,1,1
84,1,1,1
84,2,1,1
84,3,1,1
84,4,1,1
84,5,1,2
84,6,1,2
84,7,1,2
84,8,1,2
84,9,1,2
84,10,1,2
84,11,1,2
84,12,1,2
84,13,1,2
84,14,1,2
84,15,1,2
84,16,1,2
84,17,1,2
85,0,1,1
85,1,1,1
85,2,1,1
85,3,1,1
85,4,1,1
85,5,0,1
85,6,2,1
85,7,0,2
85,8,0,2
85,9,0,2
85,10,0,2
85,11,0,2
85,12,0,2
85,13,0,2
85,14,0,2
85,15,0,2
85,16,0,2
85,17,0,2
86,0,1,1
86,1,1,1
86,2,1,1
86,3,1,1
86,4,1,1
86,5,1,2
86,6,1,2
86,7,1,2
86,8,1,2
86,9,1,2
86,10,1,2
86,11,1,2
86,12,1,2
86,13,1,2
86,14,1,2
86,15,1,2
86,16,1,2
86,17,1,2
87,0,1,1
87,1,1,1
87,2,1,1
87,3,1,1
87,4,1,1
87,5,1,2
87,6,2,2
87,7,1,2
87,8,1,2
87,9,1,2
87,10,1,2
87,11,1,2
87,12,1,2
87,13,1,2
87,14,1,2
87,15,1,2
87,16,1,2
87,17,1,2
88,0,1,1
88,1,1,1
88,2,1,1
88,3,1,1
88,4,1,1
88,5,1,2
88,6,1,2
88,7,1,2
88,8,1,2
88,9,1,2
88,10,1,2
88,11,1,2
88,12,1,2
88,13,1,2
88,14,1,2
88,15,1,2
88,16,1,2
88,17,1,2
89,0,1,2
89,1,1,2
89,2,1,1
89,3,1,2
89,4,1,2
89,5,1,1
89,6,0,1
89,7,1,2
89,8,1,2
89,9,1,2
89,10,1,2
89,11,1,2
89,12,1,2
89,13,1,2
89,14,1,2
89,15,1,2
89,16,1,2
89,17,1,1
90,0,1,1
90,1,1,1
90,2,1,1
90,3,1,1
90,4,1,1
90,5,1,2
90,6,1,2
90,7,0,2
90,8,0,2
90,9,1,2
90,10,1,2
90,11,1,2
90,12,1,2
90,13,1,2
90,14,1,2
90,15,1,2
90,16,1,2
90,17,0,2
91,0,1,1
91,1,1,1
91,2,1,1
91,3,1,1
91,4,1,1
91,5,1,2
91,6,1,2
91,7,1,2
91,8,1,2
91,9,1,2
91,10,1,2
91,11,1,2
91,12,1,2
91,13,1,2
91,14,1,2
91,15,1,2
91,16,1,2
91,17,1,2
92,0,1,1
92,1,1,1
92,2,1,1
92,3,1,1
92,4,1,1
92,5,1,2
92,6,2,2
92,7,1,2
92,8,1,2
92,9,1,2
92,10,1,2
92,11,1,2
92,12,1,2
92,13,1,2
92,14,1,2
92,15,1,2
92,16,1,2
92,17,1,2
93,0,1,1
93,1,1,1
93,2,1,1
93,3,1,1
93,4,1,1
93,5,1,2
93,6,2,2
93,7,1,2
93,8,1,2
93,9,1,2
93,10,1,2
93,11,1,2
93,12,1,2
93,13,1,2
93,14,1,2
93,15,1,2
93,16,1,2
93,17,1,2
94,0,1,1
94,1,1,1
94,2,1,1
94,3,1,1
94,4,1,1
94,5,1,2
94,6,1,2
94,7,1,2
94,8,1,2
94,9,1,2
94,10,1,2
94,11,1,2
94,12,1,2
94,13,1,2
94,14,1,2
94,15,1,2
94,16,1,2
94,17,1,2
95,0,1,1
95,1,1,1
95,2,1,1
95,3,1,1
95,4,1,1
95,5,2,2
95,6,2,1
95,7,2,2
95,8,2,2
95,9,2,2
95,10,1,2
95,11,1,2
95,12,2,2
95,13,2,2
95,14,2,2
95,15,2,2
95,16,2,2
95,17,2,2
96,0,1,1
96,1,1,1
96,2,1,1
96,3,1,1
96,4,1,1
96,5,1,2
96,6,2,2
96,7,2,2
96,8,1,2
96,9,1,2
96,10,1,2
96,11,1,2
96,12,1,2
96,13,1,2
96,14,1,2
96,15,1,2
96,16,1,2
96,17,1,2
97,0,1,1
97,1,1,1
97,2,1,1
97,3,1,1
97,4,1,1
97,5,1,2
97,6,1,2
97,7,1,2
97,8,1,2
97,9,1,2
97,10,1,2
97,11,1,2
97,12,1,2
97,13,1,2
97,14,1,2
97,15,1,2
97,16,1,2
97,17,1,2
98,0,1,1
98,1,1,1
98,2,1,1
98,3,1,1
98,4,1,1
98,5,2,2
98,6,2,1
98,7,2,1
98,8,2,2
98,9,2,2
98,10,2,2
98,11,2,2
98,12,2,2
98,13,2,2
98,14,2,2
98,15,2,2
98,16,0,2
98,17,0,2
99,0,1,1
99,1,1,1
99,2,1,1
99,3,1,1
99,4,1,1
99,5,0,2
99,6,0,2
99,7,0,2
99,8,0,2
99,9,0,2
99,10,1,2
99,11,1,2
99,12,1,2
99,13,1,2
99,14,1,2
99,15,0,2
99,16,0,2
99,17,1,2
100,0,1,1
100,1,1,1
100,2,1,1
100,3,1,1
100,4,1,1
100,5,1,2
100,6,1,2
100,7,1,2
100,8,1,2
100,9,1,2
100,10,1,2
100,11,1,2
100,12,1,2
100,13,1,2
100,14,1,2
100,15,1,2
100,16,1,2
100,17,1,2
101,0,1,1
101,1,1,1
101,2,1,1
101,3,1,1
101,4,1,1
101,5,1,2
101,6,1,2
101,7,1,2
101,8,1,2
101,9,1,2
101,10,1,2
101,11,1,2
101,12,1,2
101,13,1,2
101,14,1,2
101,15,1,2
101,16,1,2
101,17,1,2
102,0,1,2
102,1,1,2
102,2,1,1
102,3,1,2
102,4,1,2
102,5,1,1
102,6,2,1
102,7,1,2
102,8,1,2
102,9,1,2
102,10,1,2
102,11,1,2
102,12,1,2
102,13,1,2
102,14,1,2
102,15,1,2
102,16,1,2
102,17,1,1
103,0,1,1
103,1,1,1
103,2,1,1
103,3,1,1
103,4,1,1
103,5,2,2
103,6,2,2
103,7,2,1
103,8,2,2
103,9,2,2
103,10,2,2
103,11,2,2
103,12,2,2
103,13,2,2
103,14,2,2
103,15,2,2
103,16,2,2
103,17,2,2
104,0,1,1
104,1,1,1
104,2,1,1
104,3,1,1
104,4,1,1
104,5,1,2
104,6,2,1
104,7,1,2
104,8,1,2
104,9,1,2
104,10,1,2
104,11,1,2
104,12,1,2
104,13,1,2
104,14,1,2
104,15,1,2
104,16,1,2
104,17,1,2
105,0,1,1
105,1,1,1
105,2,1,1
105,3,1,1
105,4,1,1
105,5,0,2
105,6,0,2
105,7,0,2
105,8,0,2
105,9,0,2
105,10,1,2
105,11,1,2
105,12,1,2
105,13,1,2
105,14,1,2
105,15,0,2
105,16,0,2
105,17,1,2
106,0,1,2
106,1,1,1
106,2,1,1
106,3,1,1
106,4,1,1
106,5,2,2
106,6,2,2
106,7,2,2
106,8,2,2
106,9,2,2
106,10,2,2
106,11,2,2
106,12,2,2
106,13,2,2
106,14,2,2
106,15,2,2
106,16,2,2
106,17,2,2
107,0,1,1
107,1,1,1
107,2,1,1
107,3,1,1
107,4,1,1
107,5,1,2
107,6,1,2
107,7,1,2
107,8,1,2
107,9,1,2
107,10,1,2
107,11,1,2
107,12,1,2
107,13,1,2
107,14,1,2
107,15,1,2
107,16,1,2
107,17,1,2
108,0,1,1
108,1,1,1
108,2,1,1
108,3,1,1
108,4,1,1
108,5,1,2
108,6,1,2
108,7,1,2
108,8,1,2
108,9,1,2
108,10,1,2
108,11,1,2
108,12,1,2
108,13,1,2
108,14,1,2
108,15,1,2
108,16,1,2
108,17,1,2
109,0,1,2
109,1,1,1
109,2,1,1
109,3,1,1
109,4,1,2
109,5,1,2
109,6,2,2
109,7,1,2
109,8,1,2
109,9,1,2
109,10,1,2
109,11,1,2
109,12,1,2
109,13,1,2
109,14,1,2
109,15,1,2
109,16,1,2
109,17,1,2
110,0,1,1
110,1,1,1
110,2,1,1
110,3,1,1
110,4,1,1
110,5,1,2
110,6,1,2
110,7,1,2
110,8,1,2
110,9,1,2
110,10,1,2
110,11,1,2
110,12,1,2
110,13,1,2
110,14,1,2
110,15,1,2
110,16,1,2
110,17,1,2
111,0,1,1
111,1,1,1
111,2,1,1
111,3,1,1
111,4,1,1
111,5,1,2
111,6,1,2
111,7,1,2
111,8,1,2
111,9,1,2
111,10,1,2
111,11,1,2
111,12,1,2
111,13,1,2
111,14,1,2
111,15,1,2
111,16,1,2
111,17,1,2
112,0,1,1
112,1,1,1
112,2,1,1
112,3,1,1
112,4,1,1
112,5,1,2
112,6,1,2
112,7,1,2
112,8,1,2
112,9,1,2
112,10,1,2
112,11,1,2
112,12,1,2
112,13,1,2
112,14,1,2
112,15,1,2
112,16,1,2
112,17,1,2
113,0,1,1
113,1,1,1
113,2,1,1
113,3,1,1
113,4,1,1
113,5,1,2
113,6,1,2
113,7,1,2
113,8,1,2
113,9,1,2
113,10,1,2
113,11,1,2
113,12,1,2
113,13,1,2
113,14,1,2
113,15,1,2
113,16,1,2
113,17,1,2
114,0,1,1
114,1,1,1
114,2,1,1
114,3,1,1
114,4,1,1
114,5,1,2
114,6,1,1
114,7,1,2
114,8,1,2
114,9,1,2
114,10,1,2
114,11,1,2
114,12,1,2
114,13,1,2
114,14,1,2
114,15,1,2
114,16,1,2
114,17,1,2
115,0,1,1
115,1,1,1
115,2,1,1
115,3,1,2
115,4,1,1
115,5,1,2
115,6,1,2
115,7,1,2
115,8,1,2
115,9,1,2
115,10,1,2
115,11,1,2
115,12,1,2
115,13,1,2
115,14,1,2
115,15,1,2
115,16,1,2
115,17,1,2
116,0,1,1
116,1,1,1
116,2,1,1
116,3,1,1
116,4,1,1
116,5,1,2
116,6,1,1
116,7,1,2
116,8,1,2
116,9,1,2
116,10,1,2
116,11,1,2
116,12,1,2
116,13,1,2
116,14,1,2
116,15,1,2
116,16,1,2
116,17,1,2
117,0,1,2
117,1,1,2
117,2,1,1
117,3,1,2
117,4,1,2
117,5,1,1
117,6,0,1
117,7,1,2
117,8,1,2
117,9,1,2
117,10,1,2
117,11,1,2
117,12,1,2
117,13,1,2
117,14,1,2
117,15,1,2
117,16,1,2
117,17,1,1
118,0,1,2
118,1,1,1
118,2,1,1
118,3,1,2
118,4,1,2
118,5,2,1
118,6,2,2
118,7,2,1
118,8,2,1
118,9,2,1
118,10,2,2
118,11,2,2
118,12,2,2
118,13,2,2
118,14,2,2
118,15,2,2
118,16,2,2
118,17,2,1
119,0,1,1
119,1,1,1
119,2,1,1
119,3,1,1
119,4,1,1
119,5,1,2
119,6,2,2
119,7,1,2
119,8,1,2
119,9,1,2
119,10,1,2
119,11,1,2
119,12,1,2
119,13,1,2
119,14,1,2
119,15,1,2
119,16,1,2
119,17,1,2
120,0,1,1
120,1,1,1
120,2,1,1
120,3,1,1
120,4,1,1
120,5,1,2
120,6,1,2
120,7,1,2
120,8,1,2
120,9,1,2
120,10,1,2
120,11,1,2
120,12,1,2
120,13,1,2
120,14,1,2
120,15,1,2
120,16,1,2
120,17,1,2
121,0,1,1
121,1,1,1
121,2,1,1
121,3,1,1
121,4,1,1
121,5,1,2
121,6,2,2
121,7,1,2
121,8,1,2
121,9,1,2
121,10,1,2
121,11,1,2
121,12,1,2
121,13,1,2
121,14,1,2
121,15,1,2
121,16,1,2
121,17,1,2
122,0,1,1
122,1,1,1
122,2,1,1
122,3,1,1
122,4,1,1
122,5,2,2
122,6,2,1
122,7,2,1
122,8,2,2
122,9,2,2
122,10,2,2
122,11,2,2
122,12,2,2
122,13,2,2
122,14,2,2
122,15,2,2
122,16,2,2
122,17,2,2
123,0,1,1
123,1,1,1
123,2,1,1
123,3,1,1
123,4,1,1
123,5,1,2
123,6,1,2
123,7,1,2
123,8,1,2
123,9,1,2
123,10,1,2
123,11,1,2
123,12,1,2
123,13,1,2
123,14,1,2
123,15,1,2
123,16,1,2
123,17,1,2
124,0,1,1
124,1,1,1
124,2,1,1
124,3,1,1
124,4,1,1
124,5,0,2
124,6,0,2
124,7,0,2
124,8,0,2
124,9,0,2
124,10,0,2
124,11,0,2
124,12,0,2
124,13,0,2
124,14,0,2
124,15,0,2
124,16,0,2
124,17,0,2
125,0,1,1
125,1,1,1
125,2,1,1
125,3,1,1
125,4,1,1
125,5,1,2
125,6,1,2
125,7,1,2
125,8,1,2
125,9,1,2
125,10,1,2
125,11,1,2
125,12,1,2
125,13,1,2
125,14,1,2
125,15,1,2
125,16,1,2
125,17,1,2
126,0,1,2
126,1,1,1
126,2,1,1
126,3,1,2
126,4,1,2
126,5,1,2
126,6,2,2
126,7,1,2
126,8,1,2
126,9,1,2
126,10,1,2
126,11,1,2
126,12,1,2
126,13,1,2
126,14,1,2
126,15,1,2
126,16,1,2
126,17,1,2
127,0,1,1
127,1,1,1
127,2,1,1
127,3,1,1
127,4,1,1
127,5,1,2
127,6,1,2
127,7,1,2
127,8,1,2
127,9,1,2
127,10,1,2
127,11,1,2
127,12,1,2
127,13,1,2
127,14,1,2
127,15,1,2
127,16,1,2
127,17,1,2
128,0,1,1
128,1,1,1
128,2,1,1
128,3,1,1
128,4,1,1
128,5,1,2
128,6,1,2
128,7,0,2
128,8,1,2
128,9,1,2
128,10,1,2
128,11,1,2
128,12,1,2
128,13,1,2
128,14,1,2
128,15,1,2
128,16,1,2
128,17,1,2
129,0,1,2
129,1,1,2
129,2,1,1
129,3,1,2
129,4,1,2
129,5,1,1
129,6,2,1
129,7,1,2
129,8,1,2
129,9,1,2
129,10,1,2
129,11,1,2
129,12,1,2
129,13,1,2
129,14,1,2
129,15,1,2
129,16,1,2
129,17,1,1
130,0,1,1
130,1,1,1
130,2,1,1
130,3,1,1
130,4,1,1
130,5,0,2
130,6,2,1
130,7,0,2
130,8,0,2
130,9,0,2
130,10,0,2
130,11,0,2
130,12,0,2
130,13,0,2
130,14,0,2
130,15,0,2
130,16,0,2
130,17,0,2
131,0,1,1
131,1,1,1
131,2,1,1
131,3,1,1
131,4,1,1
131,5,1,2
131,6,1,2
131,7,1,2
131,8,1,2
131,9,1,2
131,10,1,2
131,11,1,2
131,12,1,2
131,13,1,2
131,14,1,2
131,15,1,2
131,16,1,2
131,17,1,2
132,0,1,1
132,1,1,1
132,2,1,1
132,3,1,1
132,4,1,1
132,5,0,2
132,6,0,2
132,7,0,2
132,8,0,2
132,9,0,2
132,10,0,2
132,11,0,2
132,12,0,2
132,13,0,2
132,14,0,2
132,15,0,2
132,16,0,2
132,17,0,2
133,0,1,1
133,1,1,1
133,2,1,1
133,3,1,1
133,4,1,1
133,5,1,2
133,6,1,2
133,7,1,2
133,8,1,2
133,9,1,2
133,10,1,2
133,11,1,2
133,12,1,2
133,13,1,2
133,14,1,2
133,15,1,2
133,16,1,2
133,17,1,2
134,0,1,2
134,1,1,1
134,2,1,1
134,3,1,1
134,4,1,1
134,5,1,2
134,6,2,2
134,7,1,2
134,8,1,2
134,9,1,2
134,10,1,2
134,11,1,2
134,12,1,2
134,13,1,2
134,14,1,2
134,15,1,2
134,16,1,2
134,17,1,2
135,0,1,1
135,1,1,1
135,2,1,1
135,3,1,1
135,4,1,1
135,5,1,2
135,6,1,2
135,7,1,2
135,8,1,2
135,9,1,2
135,10,1,2
135,11,1,2
135,12,1,2
135,13,1,2
135,14,1,2
135,15,1,2
135,16,1,2
135,17,1,2
136,0,1,1
136,1,1,1
136,2,1,1
136,3,1,1
136,4,1,1
136,5,2,2
136,6,1,2
136,7,2,2
136,8,2,2
136,9,2,2
136,10,2,2
136,11,2,2
136,12,2,2
136,13,2,2
136,14,2,2
136,15,2,2
136,16,2,2
136,17,2,2
137,0,1,2
137,1,1,1
137,2,1,1
137,3,1,1
137,4,1,1
137,5,2,2
137,6,2,2
137,7,2,1
137,8,2,1
137,9,2,2
137,10,2,2
137,11,2,2
137,12,2,2
137,13,2,2
137,14,2,2
137,15,2,2
137,16,2,2
137,17,2,2
138,0,1,1
138,1,1,1
138,2,1,1
138,3,1,1
138,4,1,1
138,5,2,2
138,6,2,2
138,7,2,2
138,8,2,2
138,9,2,2
138,10,2,2
138,11,2,2
138,12,2,2
138,13,2,2
138,14,2,2
138,15,2,2
138,16,1,2
138,17,2,2
139,0,1,1
139,1,1,1
139,2,1,1
139,3,1,1
139,4,1,1
139,5,1,2
139,6,2,1
139,7,1,2
139,8,1,2
139,9,1,2
139,10,1,2
139,11,1,2
139,12,1,2
139,13,1,2
139,14,1,2
139,15,1,2
139,16,1,2
139,17,1,2
140,0,1,1
140,1,1,1
140,2,1,1
140,3,1,1
140,4,1,1
140,5,2,2
140,6,2,1
140,7,2,1
140,8,1,2
140,9,1,2
140,10,1,2
140,11,1,2
140,12,1,2
140,13,1,2
140,14,1,2
140,15,1,2
140,16,1,2
140,17,1,2
141,0,1,2
141,1,1,2
141,2,1,1
141,3,1,1
141,4,1,2
141,5,1,1
141,6,2,1
141,7,1,2
141,8,1,2
141,9,1,2
141,10,1,2
141,11,1,2
141,12,1,2
141,13,1,2
141,14,1,2
141,15,1,2
141,16,1,2
141,17,1,1
142,0,1,1
142,1,1,1
142,2,1,1
142,3,1,1
142,4,1,1
142,5,1,2
142,6,1,2
142,7,1,2
142,8,1,2
142,9,1,2
142,10,1,2
142,11,1,2
142,12,1,2
142,13,1,2
142,14,1,2
142,15,1,2
142,16,1,2
142,17,1,2
143,0,1,1
143,1,1,1
143,2,1,1
143,3,1,1
143,4,1,2
143,5,0,2
143,6,0,2
143,7,0,2
143,8,0,1
143,9,0,2
143,10,1,2
143,11,1,2
143,12,1,2
143,13,1,2
143,14,1,2
143,15,0,2
143,16,0,2
143,17,1,2
144,0,1,1
144,1,1,1
144,2,1,1
144,3,1,1
144,4,1,1
144,5,1,2
144,6,2,2
144,7,1,2
144,8,1,2
144,9,1,2
144,10,1,2
144,11,1,2
144,12,1,2
144,13,1,2
144,14,1,2
144,15,1,2
144,16,1,2
144,17,1,2
145,0,1,1
145,1,1,1
145,2,1,1
145,3,1,1
145,4,1,1
145,5,2,2
145,6,2,1
145,7,2,1
145,8,2,2
145,9,2,2
145,10,2,2
145,11,2,2
145,12,2,2
145,13,2,2
145,14,2,2
145,15,2,2
145,16,2,2
145,17,2,2
146,0,1,1
146,1,1,1
146,2,1,1
146,3,1,1
146,4,1,1
146,5,0,2
146,6,0,2
146,7,0,2
146,8,0,2
146,9,0,2
146,10,1,2
146,11,1,2
146,12,1,2
146,13,1,2
146,14,1,2
146,15,0,2
146,16,0,2
146,17,1,2
147,0,1,2
147,1,1,2
147,2,1,1
147,3,1,2
147,4,1,2
147,5,1,1
147,6,2,1
147,7,1,2
147,8,1,2
147,9,1,2
147,10,1,2
147,11,1,2
147,12,1,2
147,13,1,2
147,14,1,2
147,15,1,2
147,16,1,2
147,17,1,1
148,0,1,2
148,1,1,2
148,2,1,1
148,3,1,2
148,4,1,2
148,5,1,1
148,6,2,1
148,7,1,2
148,8,1,2
148,9,1,2
148,10,1,2
148,11,1,2
148,12,1,2
148,13,1,2
148,14,1,2
148,15,1,2
148,16,1,2
148,17,1,1
149,0,1,1
149,1,1,1
149,2,1,1
149,3,1,1
149,4,1,1
149,5,1,2
149,6,1,2
149,7,1,2
149,8,1,2
149,9,1,2
149,10,1,2
149,11,1,2
149,12,1,2
149,13,1,2
149,14,1,2
149,15,1,2
149,16,1,2
149,17,1,2
150,0,1,2
150,1,1,1
150,2,1,1
150,3,1,1
150,4,1,1
150,5,1,2
150,6,2,2
150,7,1,2
150,8,1,2
150,9,1,2
150,10,1,2
150,11,1,2
150,12,1,2
150,13,1,2
150,14,1,2
150,15,1,2
150,16,1,2
150,17,1,2
151,0,1,1
151,1,1,1
151,2,1,1
151,3,1,1
151,4,1,1
151,5,2,2
151,6,2,1
151,7,2,1
151,8,2,2
151,9,2,2
151,10,2,2
151,11,2,2
151,12,2,2
151,13,2,2
151,14,2,2
151,15,2,2
151,16,2,2
151,17,2,2
152,0,1,1
152,1,1,1
152,2,1,1
152,3,1,1
152,4,1,1
152,5,2,2
152,6,1,2
152,7,2,2
152,8,2,2
152,9,2,2
152,10,2,2
152,11,2,2
152,12,2,2
152,13,2,2
152,14,2,2
152,15,2,2
152,16,2,2
152,17,2,2
153,0,1,1
153,1,1,1
153,2,1,1
153,3,1,1
153,4,1,1
153,5,0,2
153,6,0,2
153,7,0,2
153,8,0,2
153,9,0,2
153,10,1,2
153,11,1,2
153,12,1,2
153,13,1,2
153,14,1,2
153,15,0,2
153,16,0,2
153,17,1,2
154,0,1,1
154,1,1,1
154,2,1,1
154,3,1,1
154,4,1,1
154,5,1,2
154,6,1,2
154,7,1,2
154,8,1,2
154,9,1,2
154,10,1,2
154,11,1,2
154,12,1,2
154,13,1,2
154,14,1,2
154,15,1,2
154,16,1,2
154,17,1,2
155,0,1,1
155,1,1,1
155,2,1,1
155,3,1,1
155,4,1,2
155,5,0,2
155,6,2,2
155,7,2,2
155,8,1,2
155,9,0,2
155,10,1,2
155,11,1,2
155,12,0,2
155,13,0,2
155,14,0,2
155,15,0,2
155,16,0,2
155,17,0,2
156,0,1,2
156,1,1,1
156,2,1,1
156,3,1,1
156,4,1,2
156,5,1,2
156,6,2,2
156,7,1,2
156,8,1,2
156,9,1,2
156,10,1,2
156,11,1,2
156,12,1,2
156,13,1,2
156,14,1,2
156,15,1,2
156,16,1,2
156,17,1,2
157,0,1,1
157,1,1,1
157,2,1,1
157,3,1,1
157,4,1,1
157,5,2,2
157,6,2,2
157,7,2,2
157,8,2,2
157,9,2,2
157,10,2,2
157,11,2,2
157,12,2,2
157,13,2,2
157,14,2,2
157,15,2,2
157,16,2,2
157,17,2,2
158,0,1,1
158,1,1,1
158,2,1,1
158,3,1,1
158,4,1,1
158,5,1,2
158,6,1,2
158,7,0,2
158,8,1,2
158,9,1,2
158,10,1,2
158,11,1,2
158,12,1,2
158,13,1,2
158,14,1,2
158,15,1,2
158,16,1,2
158,17,1,1
159,0,1,1
159,1,1,1
159,2,1,1
159,3,1,1
159,4,1,1
159,5,1,2
159,6,2,1
159,7,1,2
159,8,1,2
159,9,1,2
159,10,1,2
159,11,1,2
159,12,1,2
159,13,1,2
159,14,1,2
159,15,1,2
159,16,1,2
159,17,1,2
160,0,1,1
160,1,1,1
160,2,1,1
160,3,1,1
160,4,1,1
160,5,1,2
160,6,2,1
160,7,1,2
160,8,1,2
160,9,1,2
160,10,1,2
160,11,1,2
160,12,1,2
160,13,1,2
160,14,1,2
160,15,1,2
160,16,1,2
160,17,1,2
161,0,1,1
161,1,1,1
161,2,1,1
161,3,1,1
161,4,1,1
161,5,0,2
161,6,0,2
161,7,0,2
161,8,0,2
161,9,0,2
161,10,0,2
161,11,0,2
161,12,0,2
161,13,0,2
161,14,0,2
161,15,0,2
161,16,0,2
161,17,0,2
162,0,1,2
162,1,1,1
162,2,1,1
162,3,1,1
162,4,1,2
162,5,2,1
162,6,2,2
162,7,2,2
162,8,2,2
162,9,2,1
162,10,2,2
162,11,2,2
162,12,2,2
162,13,2,2
162,14,2,2
162,15,2,2
162,16,2,2
162,17,2,2
163,0,1,1
163,1,1,1
163,2,1,1
163,3,1,1
163,4,1,1
163,5,2,2
163,6,2,1
163,7,2,2
163,8,2,2
163,9,2,2
163,10,2,2
163,11,2,2
163,12,2,2
163,13,2,2
163,14,2,2
163,15,2,2
163,16,2,2
163,17,2,2
164,0,1,1
164,1,1,1
164,2,1,1
164,3,1,1
164,4,1,1
164,5,0,2
164,6,1,2
164,7,0,2
164,8,1,2
164,9,1,2
164,10,1,2
164,11,1,2
164,12,1,2
164,13,1,2
164,14,1,2
164,15,1,2
164,16,1,2
164,17,1,2
165,0,1,1
165,1,1,1
165,2,1,1
165,3,1,1
165,4,1,1
165,5,0,2
165,6,2,1
165,7,0,2
165,8,1,2
165,9,1,2
165,10,1,2
165,11,1,2
165,12,1,2
165,13,1,2
165,14,1,2
165,15,0,2
165,16,1,2
165,17,0,2
166,0,1,1
166,1,1,1
166,2,1,1
166,3,1,1
166,4,1,1
166,5,1,2
166,6,1,1
166,7,1,2
166,8,1,2
166,9,1,2
166,10,1,2
166,11,1,2
166,12,1,2
166,13,1,2
166,14,1,2
166,15,1,2
166,16,1,2
166,17,1,2
167,0,1,1
167,1,1,2
167,2,1,1
167,3,1,2
167,4,1,2
167,5,1,2
167,6,1,2
167,7,1,1
167,8,1,2
167,9,1,2
167,10,1,2
167,11,1,2
167,12,1,2
167,13,1,2
167,14,1,2
167,15,1,2
167,16,1,2
167,17,1,1
168,0,1,1
168,1,1,1
168,2,1,1
168,3,1,1
168,4,1,1
168,5,0,2
168,6,0,2
168,7,0,2
168,8,0,2
168,9,0,2
168,10,0,2
168,11,0,2
168,12,0,2
168,13,0,2
168,14,0,2
168,15,0,2
168,16,0,2
168,17,0,2
169,0,1,1
169,1,1,1
169,2,1,1
169,3,1,1
169,4,1,1
169,5,1,2
169,6,1,2
169,7,1,2
169,8,1,2
169,9,1,2
169,10,1,2
169,11,1,2
169,12,1,2
169,13,1,2
169,14,1,2
169,15,1,2
169,16,1,2
169,17,1,2
170,0,1,1
170,1,1,1
170,2,1,1
170,3,1,1
170,4,1,1
170,5,1,2
170,6,1,2
170,7,1,2
170,8,1,2
170,9,1,2
170,10,1,2
170,11,1,2
170,12,1,2
170,13,1,2
170,14,1,2
170,15,1,2
170,16,1,2
170,17,1,2
171,0,1,1
171,1,1,1
171,2,1,1
171,3,1,1
171,4,1,1
171,5,0,2
171,6,0,2
171,7,0,2
171,8,0,2
171,9,0,2
171,10,1,2
171,11,1,2
171,12,1,2
171,13,1,2
171,14,1,2
171,15,0,2
171,16,0,2
171,17,1,2
172,0,1,1
172,1,1,1
172,2,1,1
172,3,1,1
172,4,1,1
172,5,1,2
172,6,1,2
172,7,0,2
172,8,1,2
172,9,1,2
172,10,1,2
172,11,1,2
172,12,1,2
172,13,1,2
172,14,1,2
172,15,1,2
172,16,1,2
172,17,1,2
173,0,1,1
173,1,1,1
173,2,1,1
173,3,1,1
173,4,1,1
173,5,1,2
173,6,1,2
173,7,0,2
173,8,1,2
173,9,1,2
173,10,1,2
173,11,1,2
173,12,1,2
173,13,1,2
173,14,1,2
173,15,1,2
173,16,1,2
173,17,1,2
174,0,1,1
174,1,1,1
174,2,1,1
174,3,1,2
174,4,1,1
174,5,2,2
174,6,2,2
174,7,2,1
174,8,2,1
174,9,2,2
174,10,2,2
174,11,2,2
174,12,2,2
174,13,2,2
174,14,2,2
174,15,2,2
174,16,2,2
174,17,2,2
175,0,1,1
175,1,1,1
175,2,1,1
175,3,1,1
175,4,1,1
175,5,1,2
175,6,1,2
175,7,0,2
175,8,1,2
175,9,1,2
175,10,1,2
175,11,1,2
175,12,1,2
175,13,1,2
175,14,1,2
175,15,1,2
175,16,1,2
175,17,1,1
176,0,1,1
176,1,1,1
176,2,1,1
176,3,1,1
176,4,1,1
176,5,1,2
176,6,1,2
176,7,1,2
176,8,1,2
176,9,1,2
176,10,1,2
176,11,1,2
176,12,1,2
176,13,1,2
176,14,1,2
176,15,1,2
176,16,1,2
176,17,1,2
177,0,1,1
177,1,1,1
177,2,1,1
177,3,1,1
177,4,1,1
177,5,0,2
177,6,0,2
177,7,0,2
177,8,0,2
177,9,0,2
177,10,1,2
177,11,1,2
177,12,1,2
177,13,1,2
177,14,1,2
177,15,0,2
177,16,0,2
177,17,1,2
178,0,1,1
178,1,1,1
178,2,1,1
178,3,1,1
178,4,1,1
178,5,1,2
178,6,1,2
178,7,0,2
178,8,1,2
178,9,1,2
178,10,1,2
178,11,1,2
178,12,1,2
178,13,1,2
178,14,1,2
178,15,1,2
178,16,1,2
178,17,1,2
179,0,1,1
179,1,1,1
179,2,1,1
179,3,1,1
179,4,1,1
179,5,1,2
179,6,1,2
179,7,1,2
179,8,1,2
179,9,1,2
179,10,1,2
179,11,1,2
179,12,1,2
179,13,1,2
179,14,1,2
179,15,1,2
179,16,1,2
179,17,1,2
180,0,1,1
180,1,1,1
180,2,1,1
180,3,1,1
180,4,1,1
180,5,1,2
180,6,1,2
180,7,1,2
180,8,1,2
180,9,1,2
180,10,1,2
180,11,1,2
180,12,1,2
180,13,1,2
180,14,1,2
180,15,1,2
180,16,1,2
180,17,1,2
181,0,1,1
181,1,1,1
181,2,1,1
181,3,1,1
181,4,1,1
181,5,1,2
181,6,1,2
181,7,0,2
181,8,1,2
181,9,1,2
181,10,1,2
181,11,1,2
181,12,1,2
181,13,1,2
181,14,1,2
181,15,1,2
181,16,1,2
181,17,1,2
182,0,1,1
182,1,1,1
182,2,1,1
182,3,1,1
182,4,1,2
182,5,1,2
182,6,1,1
182,7,1,1
182,8,1,2
182,9,1,2
182,10,1,2
182,11,1,2
182,12,1,2
182,13,1,2
182,14,1,2
182,15,1,2
182,16,1,2
182,17,1,2
183,0,1,1
183,1,1,1
183,2,1,1
183,3,1,1
183,4,1,1
183,5,0,2
183,6,0,2
183,7,0,2
183,8,0,2
183,9,0,2
183,10,1,2
183,11,1,2
183,12,1,2
183,13,1,2
183,14,1,2
183,15,0,2
183,16,0,2
183,17,1,2
184,0,1,1
184,1,1,1
184,2,1,1
184,3,1,1
184,4,1,1
184,5,1,2
184,6,1,2
184,7,1,2
184,8,1,2
184,9,1,2
184,10,1,2
184,11,1,2
184,12,1,2
184,13,1,2
184,14,1,2
184,15,1,2
184,16,1,2
184,17,1,2
185,0,1,1
185,1,1,1
185,2,1,1
185,3,1,1
185,4,1,1
185,5,1,2
185,6,1,2
185,7,1,2
185,8,1,2
185,9,1,2
185,10,1,2
185,11,1,2
185,12,1,2
185,13,1,2
185,14,1,2
185,15,1,2
185,16,1,2
185,17,1,2
186,0,1,1
186,1,1,1
186,2,1,1
186,3,1,1
186,4,1,1
186,5,1,2
186,6,1,2
186,7,1,2
186,8,1,2
186,9,1,2
186,10,1,2
186,11,1,2
186,12,1,2
186,13,1,2
186,14,1,2
186,15,1,2
186,16,1,2
186,17,1,2
187,0,1,1
187,1,1,1
187,2,1,1
187,3,1,1
187,4,1,1
187,5,1,2
187,6,1,2
187,7,1,2
187,8,1,2
187,9,1,2
187,10,1,2
187,11,1,2
187,12,1,2
187,13,1,2
187,14,1,2
187,15,1,2
187,16,1,2
187,17,1,2
188,0,1,1
188,1,1,1
188,2,1,1
188,3,1,1
188,4,1,1
188,5,1,2
188,6,1,1
188,7,1,2
188,8,1,2
188,9,1,2
188,10,1,2
188,11,1,2
188,12,1,2
188,13,1,2
188,14,1,2
188,15,1,2
188,16,1,2
188,17,1,2
189,0,1,1
189,1,1,1
189,2,1,1
189,3,1,1
189,4,1,1
189,5,1,2
189,6,1,2
189,7,1,2
189,8,1,2
189,9,1,2
189,10,1,2
189,11,1,2
189,12,1,2
189,13,1,2
189,14,1,2
189,15,1,2
189,16,1,2
189,17,1,2
190,0,1,1
190,1,1,1
190,2,1,1
190,3,1,1
190,4,1,1
190,5,1,2
190,6,1,2
190,7,1,2
190,8,1,2
190,9,1,2
190,10,1,2
190,11,1,2
190,12,1,2
190,13,1,2
190,14,1,2
190,15,1,2
190,16,1,2
190,17,1,2
191,0,1,1
191,1,1,1
191,2,1,1
191,3,1,1
191,4,1,1
191,5,1,2
191,6,1,2
191,7,1,2
191,8,1,2
191,9,1,2
191,10,1,2
191,11,1,2
191,12,1,2
191,13,1,2
191,14,1,2
191,15,1,2
191,16,1,2
191,17,1,2
192,0,1,1
192,1,1,1
192,2,1,1
192,3,1,1
192,4,1,1
192,5,1,2
192,6,1,1
192,7,1,2
192,8,1,2
192,9,1,2
192,10,1,2
192,11,1,2
192,12,1,2
192,13,1,2
192,14,1,2
192,15,1,2
192,16,1,2
192,17,1,2
193,0,1,1
193,1,1,1
193,2,1,1
193,3,1,1
193,4,1,1
193,5,1,2
193,6,1,2
193,7,1,2
193,8,1,2
193,9,1,2
193,10,1,2
193,11,1,2
193,12,1,2
193,13,1,2
193,14,1,2
193,15,1,2
193,16,1,2
193,17,1,2
194,0,1,1
194,1,1,1
194,2,1,1
194,3,1,1
194,4,1,1
194,5,1,2
194,6,1,2
194,7,1,2
194,8,1,2
194,9,1,2
194,10,1,2
194,11,1,2
194,12,1,2
194,13,1,2
194,14,1,2
194,15,1,2
194,16,1,2
194,17,1,2
195,0,1,1
195,1,1,2
195,2,1,1
195,3,1,1
195,4,1,2
195,5,1,2
195,6,1,1
195,7,1,2
195,8,1,2
195,9,1,2
195,10,1,2
195,11,1,2
195,12,1,2
195,13,1,2
195,14,1,2
195,15,1,2
195,16,1,2
195,17,1,2
196,0,1,1
196,1,1,1
196,2,1,1
196,3,1,1
196,4,1,1
196,5,1,2
196,6,1,1
196,7,1,2
196,8,1,2
196,9,1,2
196,10,1,2
196,11,1,2
196,12,1,2
196,13,1,2
196,14,1,2
196,15,1,2
196,16,1,2
196,17,1,2
197,0,1,1
197,1,1,1
197,2,1,1
197,3,1,1
197,4,1,1
197,5,1,2
197,6,1,2
197,7,1,2
197,8,1,2
197,9,1,2
197,10,1,2
197,11,1,2
197,12,1,2
197,13,1,2
197,14,1,2
197,15,1,2
197,16,1,2
197,17,1,2
198,0,1,1
198,1,1,1
198,2,1,1
198,3,1,1
198,4,1,1
198,5,1,2
198,6,1,2
198,7,1,2
198,8,1,2
198,9,1,2
198,10,1,2
198,11,1,2
198,12,1,2
198,13,1,2
198,14,1,2
198,15,1,2
198,16,1,2
198,17,1,2
199,0,1,1
199,1,1,1
199,2,1,1
199,3,1,1
199,4,1,1
199,5,1,2
199,6,1,1
199,7,1,2
199,8,1,2
199,9,1,2
199,10,1,2
199,11,1,2
199,12,1,2
199,13,1,2
199,14,1,2
199,15,1,2
199,16,1,2
199,17,1,2
